Cst_Cnt,Btl_Cnt,Depth (m),T_degC,SiO3uM,PO4uM,NO2uM,NO3uM,NH3uM,LightP,Bottle Number,studyName,Latitude,Longitude,Line_x,Station_x,Line_y,Station_y,Diatom < 5um,Diatom 5-10um,Diatom 10-20um,Diatom 20-40um,Diatom > 40um,Total Diatom
30658,766457,10,14.8,3.0,0.47,0.21,2.9,,,7.0,2004-11-02-C-33RR,3445,-12052,80.0,51.0,80.0,51.0,0.0,0.17,2.88,4.64,1.24,8.92
30658,766458,20,14.59,3.3,0.53,0.25,3.6,,,6.0,2004-11-02-C-33RR,3445,-12052,80.0,51.0,80.0,51.0,0.11,0.0,1.5,3.84,3.34,8.79
30658,766461,50,13.26,7.0,0.86,0.26,8.4,,,3.0,2004-11-02-C-33RR,3445,-12052,80.0,51.0,80.0,51.0,0.0,0.0,1.55,1.03,0.23,2.82
30659,766466,10,15.14,0.7,0.34,0.06,1.2,,,19.0,2004-11-02-C-33RR,3432,-12080,80.0,55.0,80.0,55.0,0.0,0.0,4.54,6.98,1.86,13.38
30659,766467,20,15.1,0.8,0.35,0.07,1.4,,,18.0,2004-11-02-C-33RR,3432,-12080,80.0,55.0,80.0,55.0,0.0,0.43,0.46,0.0,0.0,0.89
30659,766468,30,14.93,1.4,0.41,0.1,2.2,,,17.0,2004-11-02-C-33RR,3432,-12080,80.0,55.0,80.0,55.0,0.0,1.27,2.75,1.45,2.24,7.71
30661,766531,10,16.42,1.5,0.29,0.0,0.1,,,20.0,2004-11-02-C-33RR,3382,-12184,80.0,70.0,80.0,70.0,0.0,0.0,0.0,0.0,0.06,0.06
30661,766534,30,16.35,1.5,0.29,0.0,0.1,,,18.0,2004-11-02-C-33RR,3382,-12184,80.0,70.0,80.0,70.0,0.0,0.0,0.0,0.0,0.0,0.0
30661,766536,40,16.17,1.5,0.31,0.02,0.1,,,16.0,2004-11-02-C-33RR,3382,-12184,80.0,70.0,80.0,70.0,0.0,0.0,0.0,0.0,0.0,0.0
30662,766563,10,16.43,1.2,0.27,0.01,0.1,,,19.0,2004-11-02-C-33RR,3348,-12253,80.0,80.0,80.0,80.0,0.0,0.0,0.0,0.02,0.0,0.03
30662,766565,30,16.36,1.3,0.27,0.01,0.2,,,17.0,2004-11-02-C-33RR,3348,-12253,80.0,80.0,80.0,80.0,0.0,0.0,0.0,0.02,0.02,0.04
30662,766567,50,11.96,9.4,1.17,0.04,14.2,,,15.0,2004-11-02-C-33RR,3348,-12253,80.0,80.0,80.0,80.0,0.0,0.15,0.04,0.0,0.0,0.19
30664,766631,15,17.27,1.3,0.31,0.0,0.1,,,19.0,2004-11-02-C-33RR,3282,-12391,80.0,100.0,80.0,100.0,0.0,0.0,0.24,0.0,0.0,0.24
30664,766634,45,16.1,1.4,0.32,0.0,0.1,,,17.0,2004-11-02-C-33RR,3282,-12391,80.0,100.0,80.0,100.0,0.0,0.0,0.0,0.0,0.0,0.0
30664,766637,65,13.81,1.9,0.39,0.05,0.2,,,15.0,2004-11-02-C-33RR,3282,-12391,80.0,100.0,80.0,100.0,0.0,0.0,0.0,0.09,0.09,0.18
30666,766667,10,16.04,0.1,0.21,0.0,0.1,,,23.0,2004-11-02-C-33RR,3428,-12002,81.8,46.9,81.8,46.9,0.0,0.0,8.68,4.4,1.47,14.55
30666,766669,30,12.32,7.8,1.02,0.03,11.1,,,21.0,2004-11-02-C-33RR,3428,-12002,81.8,46.9,81.8,46.9,0.0,0.0,0.0,0.0,0.02,0.03
30666,766671,50,10.76,16.4,1.47,0.01,18.1,,,19.0,2004-11-02-C-33RR,3428,-12002,81.8,46.9,81.8,46.9,0.0,0.0,0.0,0.0,0.0,0.0
30696,767395,11,17.59,0.7,0.3,0.0,0.1,,,20.0,2004-11-02-C-33RR,3318,-11839,90.0,37.0,90.0,37.0,0.0,0.0,0.95,0.67,0.0,1.62
30696,767397,30,17.26,0.8,0.31,0.0,0.1,,,18.0,2004-11-02-C-33RR,3318,-11839,90.0,37.0,90.0,37.0,0.0,0.0,0.0,0.0,0.05,0.05
30696,767400,50,12.56,4.5,0.76,0.12,6.0,,,15.0,2004-11-02-C-33RR,3318,-11839,90.0,37.0,90.0,37.0,0.0,0.0,0.08,0.06,0.0,0.15
30698,767457,10,18.02,0.9,0.27,0.0,0.1,,,23.0,2004-11-02-C-33RR,3265,-11948,90.0,53.0,90.0,53.0,0.0,0.0,0.0,0.0,0.08,0.08
30698,767463,47,13.98,2.0,0.39,0.01,0.4,,0.1,19.0,2004-11-02-C-33RR,3265,-11948,90.0,53.0,90.0,53.0,0.0,0.0,0.0,0.0,0.0,0.0
30698,767466,56,12.66,3.3,0.57,0.08,2.8,,,18.0,2004-11-02-C-33RR,3265,-11948,90.0,53.0,90.0,53.0,0.01,0.0,0.12,0.03,0.03,0.18
30700,767524,15,17.71,0.8,0.29,0.0,0.1,,,20.0,2004-11-02-C-33RR,3208,-12064,90.0,70.0,90.0,70.0,0.0,0.0,0.0,0.0,0.0,0.0
30700,767527,45,13.5,1.9,0.36,0.0,0.1,,,18.0,2004-11-02-C-33RR,3208,-12064,90.0,70.0,90.0,70.0,0.0,0.0,0.0,0.0,0.0,0.0
30700,767530,55,12.85,2.4,0.43,0.04,0.6,,,17.0,2004-11-02-C-33RR,3208,-12064,90.0,70.0,90.0,70.0,0.0,0.0,0.0,0.0,0.0,0.0
30702,767586,10,17.29,0.8,0.32,0.0,0.1,,,22.0,2004-11-02-C-33RR,3142,-12199,90.0,90.0,90.0,90.0,0.0,0.0,0.0,0.0,0.0,0.0
30702,767592,46,14.5,1.5,0.38,0.0,0.1,,0.1,18.0,2004-11-02-C-33RR,3142,-12199,90.0,90.0,90.0,90.0,0.0,0.0,0.0,0.0,0.0,0.0
30702,767595,62,12.87,2.2,0.48,0.06,0.8,,0.05,16.0,2004-11-02-C-33RR,3142,-12199,90.0,90.0,90.0,90.0,0.0,0.0,0.0,0.0,0.0,0.0
30705,767689,12,19.13,1.4,0.3,0.0,0.1,,,23.0,2004-11-02-C-33RR,3042,-12400,90.0,120.0,90.0,120.0,0.0,0.0,0.0,0.0,0.0,0.0
30705,767698,74,16.26,1.8,0.26,0.0,0.1,,0.05,17.0,2004-11-02-C-33RR,3042,-12400,90.0,120.0,90.0,120.0,0.0,0.0,0.08,0.16,0.0,0.24
30733,768447,1,14.52,2.3,0.26,0.08,0.5,,,20.0,2005-01-04-C-32NM,3432,-12081,80.0,55.0,80.0,55.0,0.0,0.0,1.11,0.44,0.03,1.58
30733,768448,10,14.53,2.3,0.26,0.08,0.5,,,19.0,2005-01-04-C-32NM,3432,-12081,80.0,55.0,80.0,55.0,0.0,0.0,0.6,0.0,0.21,0.81
30733,768452,50,12.4,6.1,0.75,0.09,7.7,,,15.0,2005-01-04-C-32NM,3432,-12081,80.0,55.0,80.0,55.0,0.0,0.0,0.06,0.07,0.0,0.12
30735,768509,13,12.81,5.1,0.44,0.13,3.2,,,21.0,2005-01-04-C-32NM,3382,-12184,80.0,70.0,80.0,70.0,0.0,0.0,0.22,0.93,0.43,1.58
30735,768512,25,12.77,5.3,0.47,0.16,3.7,,0.04,19.0,2005-01-04-C-32NM,3382,-12184,80.0,70.0,80.0,70.0,0.0,0.0,0.42,0.25,0.34,1.01
30735,768515,39,12.74,5.5,0.51,0.18,4.2,,,17.0,2005-01-04-C-32NM,3382,-12184,80.0,70.0,80.0,70.0,0.0,0.0,0.13,0.35,0.43,0.91
30736,768545,21,13.38,3.4,0.28,0.05,0.5,,,18.0,2005-01-04-C-32NM,3348,-12254,80.0,80.0,80.0,80.0,0.0,0.0,0.49,0.26,0.51,1.26
30736,768546,30,13.3,3.4,0.29,0.06,0.6,,,17.0,2005-01-04-C-32NM,3348,-12254,80.0,80.0,80.0,80.0,0.0,0.0,0.31,0.1,0.92,1.33
30736,768547,39,13.3,3.4,0.28,0.05,0.5,,,16.0,2005-01-04-C-32NM,3348,-12254,80.0,80.0,80.0,80.0,0.0,0.13,0.09,0.07,0.11,0.42
30738,768608,15,14.29,1.7,0.25,0.0,0.0,,,19.0,2005-01-04-C-32NM,3282,-12391,80.0,100.0,80.0,100.0,0.0,0.0,0.0,0.0,0.0,0.0
30738,768611,45,14.29,1.9,0.24,0.0,0.0,,,17.0,2005-01-04-C-32NM,3282,-12391,80.0,100.0,80.0,100.0,0.0,0.0,0.01,0.0,0.0,0.01
30738,768613,55,14.28,1.9,0.24,0.01,0.1,,,16.0,2005-01-04-C-32NM,3282,-12391,80.0,100.0,80.0,100.0,0.0,0.0,0.02,0.0,0.14,0.17
30740,768645,10,14.92,4.0,0.29,0.05,0.2,,,23.0,2005-01-04-C-32NM,3428,-12002,81.8,46.9,81.8,46.9,0.0,0.0,0.18,0.45,0.0,0.64
30740,768647,30,14.89,3.1,0.33,0.13,0.5,,,21.0,2005-01-04-C-32NM,3428,-12002,81.8,46.9,81.8,46.9,0.03,0.0,0.01,1.03,0.24,1.3
30740,768649,49,13.35,6.2,0.67,0.15,5.8,,,19.0,2005-01-04-C-32NM,3428,-12002,81.8,46.9,81.8,46.9,0.0,0.0,0.57,0.39,0.0,0.96
30771,769368,10,15.3,1.6,0.29,0.0,0.0,,,19.0,2005-01-04-C-32NM,3319,-11839,90.0,37.0,90.0,37.0,0.06,0.05,0.01,0.0,0.56,0.69
30771,769370,30,15.36,1.4,0.27,0.01,0.0,,,17.0,2005-01-04-C-32NM,3319,-11839,90.0,37.0,90.0,37.0,0.0,0.07,0.08,0.58,0.0,0.73
30771,769371,39,15.4,1.4,0.26,0.01,0.0,,,16.0,2005-01-04-C-32NM,3319,-11839,90.0,37.0,90.0,37.0,0.0,0.0,0.0,0.14,0.0,0.14
30773,769429,12,14.87,1.6,0.26,0.0,0.0,,,19.0,2005-01-04-C-32NM,3265,-11948,90.0,53.0,90.0,52.9,0.0,0.0,0.14,0.07,0.22,0.43
30773,769431,21,14.81,1.7,0.26,0.01,0.0,,,18.0,2005-01-04-C-32NM,3265,-11948,90.0,53.0,90.0,52.9,0.0,0.27,0.0,0.0,0.0,0.27
30773,769435,51,14.57,2.3,0.31,0.04,0.7,,,15.0,2005-01-04-C-32NM,3265,-11948,90.0,53.0,90.0,52.9,0.0,0.06,0.0,0.0,0.03,0.09
30775,769496,10,14.78,1.7,0.29,0.0,0.0,,,19.0,2005-01-04-C-32NM,3209,-12064,90.0,70.0,90.0,69.9,0.0,0.0,0.01,0.03,0.0,0.05
30775,769500,50,13.75,2.5,0.38,0.12,1.4,,,15.0,2005-01-04-C-32NM,3209,-12064,90.0,70.0,90.0,69.9,0.12,0.0,0.6,0.09,0.1,0.92
30775,769501,60,13.49,2.6,0.4,0.12,1.8,,,14.0,2005-01-04-C-32NM,3209,-12064,90.0,70.0,90.0,69.9,0.0,0.0,0.01,0.0,0.03,0.04
30777,769560,9,14.72,1.6,0.3,0.01,0.0,,,19.0,2005-01-04-C-32NM,3142,-12198,90.0,90.0,90.0,89.9,0.0,0.0,0.0,0.23,0.14,0.38
30777,769562,20,14.7,1.7,0.27,0.01,0.0,,,18.0,2005-01-04-C-32NM,3142,-12198,90.0,90.0,90.0,89.9,0.0,0.0,0.04,0.03,0.03,0.1
30777,769564,31,14.72,1.5,0.25,0.01,0.0,,,17.0,2005-01-04-C-32NM,3142,-12198,90.0,90.0,90.0,89.9,0.0,0.1,0.01,0.0,0.22,0.33
30780,769659,16,16.3,1.4,0.25,0.0,0.0,,,19.0,2005-01-04-C-32NM,3042,-12400,90.0,120.0,90.0,120.0,0.0,0.0,0.0,0.0,0.52,0.52
30780,769666,75,16.65,1.4,0.2,0.0,0.0,,,15.0,2005-01-04-C-32NM,3042,-12400,90.0,120.0,90.0,120.0,0.0,0.0,0.0,0.0,0.0,0.0
30780,769668,94,15.2,2.2,0.23,0.13,0.3,,,13.0,2005-01-04-C-32NM,3042,-12400,90.0,120.0,90.0,120.0,0.0,0.0,0.0,0.04,0.09,0.13
30808,770413,5,13.06,1.5,0.49,0.11,3.6,,,22.0,2005-04-15-C-32NM,3432,-12080,80.0,55.0,80.0,54.9,0.0,1.37,8.96,28.5,6.27,45.1
30808,770414,10,12.52,2.5,0.58,0.12,4.5,,,21.0,2005-04-15-C-32NM,3432,-12080,80.0,55.0,80.0,54.9,0.0,0.0,8.37,31.35,9.21,48.94
30808,770416,20,11.23,10.9,1.18,0.17,12.0,,,19.0,2005-04-15-C-32NM,3432,-12080,80.0,55.0,80.0,54.9,0.0,0.0,0.7,10.3,0.26,11.26
30810,770482,10,14.37,3.6,0.33,0.0,0.0,,,22.0,2005-04-15-C-32NM,3381,-12184,80.0,70.0,80.0,70.0,0.0,0.09,0.0,0.0,4.35,4.45
30810,770485,36,13.98,3.4,0.35,0.02,0.2,,,19.0,2005-04-15-C-32NM,3381,-12184,80.0,70.0,80.0,70.0,0.0,0.0,0.44,1.4,1.36,3.2
30810,770489,55,12.92,4.7,0.56,0.08,2.0,,,15.0,2005-04-15-C-32NM,3381,-12184,80.0,70.0,80.0,70.0,0.0,0.43,0.22,0.39,0.32,1.35
30811,770515,15,15.15,2.3,0.34,0.0,0.0,,,22.0,2005-04-15-C-32NM,3348,-12254,80.0,80.0,80.0,80.0,0.0,0.0,0.21,0.09,2.12,2.42
30811,770522,51,14.32,2.4,0.34,0.0,0.0,,,18.0,2005-04-15-C-32NM,3348,-12254,80.0,80.0,80.0,80.0,0.0,0.01,0.02,0.33,0.41,0.78
30811,770524,60,14.17,2.3,0.34,0.0,0.0,,,16.0,2005-04-15-C-32NM,3348,-12254,80.0,80.0,80.0,80.0,0.0,0.0,0.0,0.03,1.27,1.3
30813,770584,10,15.23,2.2,0.34,0.0,0.0,,,20.0,2005-04-15-C-32NM,3282,-12390,80.0,100.0,80.0,100.0,0.03,0.0,0.13,0.1,0.0,0.26
30813,770591,51,14.02,1.9,0.35,0.02,0.3,,,16.0,2005-04-15-C-32NM,3282,-12390,80.0,100.0,80.0,100.0,0.0,0.0,0.01,2.65,0.07,2.73
30813,770594,71,13.67,2.6,0.46,0.04,0.9,,,13.0,2005-04-15-C-32NM,3282,-12390,80.0,100.0,80.0,100.0,0.0,0.0,1.99,0.36,0.0,2.35
30815,770621,2,12.77,0.0,0.23,0.02,0.0,,,24.0,2005-04-15-C-32NM,3427,-12004,81.8,46.9,81.8,47.0,0.0,3.6,3.58,95.19,16.49,118.86
30815,770622,10,12.62,0.0,0.3,0.02,0.1,,,23.0,2005-04-15-C-32NM,3427,-12004,81.8,46.9,81.8,47.0,1.34,8.37,20.61,41.29,27.95,99.57
30815,770625,41,9.95,22.7,1.96,0.15,22.1,,,20.0,2005-04-15-C-32NM,3427,-12004,81.8,46.9,81.8,47.0,0.0,0.0,4.7,7.08,5.85,17.63
30846,771378,11,15.39,0.2,0.3,0.0,0.0,,,20.0,2005-04-15-C-32NM,3318,-11839,90.0,37.0,90.0,37.1,0.03,0.0,1.54,2.26,0.65,4.47
30846,771381,40,12.94,5.9,0.79,0.2,5.7,,,17.0,2005-04-15-C-32NM,3318,-11839,90.0,37.0,90.0,37.1,0.0,0.38,1.38,2.46,0.55,4.77
30846,771383,50,11.16,10.8,1.25,0.27,12.6,,,15.0,2005-04-15-C-32NM,3318,-11839,90.0,37.0,90.0,37.1,0.0,0.0,0.35,0.44,0.38,1.18
30848,771440,10,14.14,1.0,0.32,0.01,0.1,,,22.0,2005-04-15-C-32NM,3265,-11948,90.0,53.0,90.0,53.0,1.42,13.15,8.53,10.63,11.05,44.77
30848,771446,45,13.73,1.0,0.34,0.01,0.3,,,18.0,2005-04-15-C-32NM,3265,-11948,90.0,53.0,90.0,53.0,0.0,0.0,58.44,21.88,18.75,99.07
30848,771448,56,13.57,1.2,0.36,0.01,0.5,,,16.0,2005-04-15-C-32NM,3265,-11948,90.0,53.0,90.0,53.0,0.0,1.38,0.38,2.01,9.34,13.12
30850,771511,16,15.04,2.0,0.36,0.0,0.0,,,19.0,2005-04-15-C-32NM,3208,-12064,90.0,70.0,90.0,70.0,0.0,0.0,0.09,0.0,0.11,0.2
30850,771515,44,15.04,1.9,0.35,0.0,0.0,,,17.0,2005-04-15-C-32NM,3208,-12064,90.0,70.0,90.0,70.0,0.0,0.0,0.12,0.0,0.0,0.12
30850,771519,75,12.82,3.1,0.52,0.07,1.8,,,14.0,2005-04-15-C-32NM,3208,-12064,90.0,70.0,90.0,70.0,0.0,0.0,0.12,0.11,0.28,0.51
30852,771577,16,15.07,2.0,0.36,0.0,0.1,,,21.0,2005-04-15-C-32NM,3142,-12200,90.0,90.0,90.0,90.0,0.16,0.0,0.0,0.0,0.0,0.16
30852,771583,61,14.99,2.0,0.35,0.0,0.0,,,18.0,2005-04-15-C-32NM,3142,-12200,90.0,90.0,90.0,90.0,0.0,0.0,0.0,0.0,0.0,0.0
30852,771587,96,13.13,4.7,0.63,0.09,3.4,,,15.0,2005-04-15-C-32NM,3142,-12200,90.0,90.0,90.0,90.0,0.0,0.0,0.06,0.03,0.0,0.1
30855,771679,15,16.08,1.8,0.33,0.0,0.1,,,21.0,2005-04-15-C-32NM,3042,-12400,90.0,120.0,90.0,120.0,0.0,0.0,0.02,1.04,0.0,1.06
30855,771684,60,16.07,0.8,0.32,0.0,0.1,,,18.0,2005-04-15-C-32NM,3042,-12400,90.0,120.0,90.0,120.0,0.0,0.0,0.0,0.01,0.0,0.01
30855,771691,110,13.42,1.1,0.52,0.07,2.3,,,12.0,2005-04-15-C-32NM,3042,-12400,90.0,120.0,90.0,120.0,0.0,0.0,0.07,0.0,0.78,0.85
30883,772442,10,13.11,0.2,0.5,0.16,5.5,,,19.0,2005-07-01-C-32NM,3432,-12080,80.0,55.0,80.0,55.0,0.0,0.0,0.41,0.0,11.32,11.74
30883,772445,31,12.38,3.9,0.99,0.23,9.8,,,17.0,2005-07-01-C-32NM,3432,-12080,80.0,55.0,80.0,55.0,0.0,0.0,2.3,4.06,50.9,57.26
30883,772449,68,10.2,24.3,1.9,0.13,23.4,,,13.0,2005-07-01-C-32NM,3432,-12080,80.0,55.0,80.0,55.0,0.0,0.0,0.26,3.23,30.96,34.45
30886,772541,16,17.1,2.2,0.28,0.0,0.0,,,23.0,2005-07-01-C-32NM,3349,-12254,80.0,80.0,80.0,80.0,0.0,0.0,0.0,0.0,0.0,0.0
30886,772550,75,14.37,1.8,0.33,0.01,0.1,,,16.0,2005-07-01-C-32NM,3349,-12254,80.0,80.0,80.0,80.0,0.0,0.0,0.15,0.06,0.0,0.21
30888,772609,16,18.74,2.2,0.31,0.0,0.1,,,19.0,2005-07-01-C-32NM,3282,-12391,80.0,100.0,80.0,100.0,0.0,0.0,0.04,0.27,0.03,0.34
30888,772614,60,15.27,2.0,0.28,0.0,0.1,,,16.0,2005-07-01-C-32NM,3282,-12391,80.0,100.0,80.0,100.0,0.0,0.0,0.01,0.0,0.0,0.01
30888,772618,94,12.85,4.1,0.52,0.08,2.6,,,13.0,2005-07-01-C-32NM,3282,-12391,80.0,100.0,80.0,100.0,0.0,0.0,0.1,0.0,0.0,0.1
30889,772641,10,13.31,0.1,0.33,0.11,2.8,,,23.0,2005-07-01-C-32NM,3428,-12003,81.8,46.9,81.8,47.0,0.0,0.0,0.15,1.28,6.09,7.51
30889,772642,20,12.24,7.8,1.22,0.19,10.8,,,22.0,2005-07-01-C-32NM,3428,-12003,81.8,46.9,81.8,47.0,0.0,0.0,1.5,0.0,176.74,178.24
30889,772645,41,10.95,18.9,1.77,0.28,19.5,,,19.0,2005-07-01-C-32NM,3428,-12003,81.8,46.9,81.8,47.0,0.0,0.0,0.0,0.99,22.43,23.42
30921,773433,10,17.37,0.0,0.2,0.01,0.0,,,21.0,2005-07-01-C-32NM,3318,-11839,90.0,37.0,90.0,37.0,0.0,0.0,1.24,10.77,4.21,16.22
30921,773438,40,10.32,19.8,1.68,0.13,20.6,,,16.0,2005-07-01-C-32NM,3318,-11839,90.0,37.0,90.0,37.0,0.0,0.0,46.76,3.56,6.52,56.84
30923,773500,12,14.96,0.7,0.37,0.06,1.4,,0.39,19.0,2005-07-01-C-32NM,3265,-11949,90.0,53.0,90.0,53.1,0.0,0.0,0.03,0.03,2.38,2.45
30923,773504,34,12.47,5.7,0.94,0.32,8.6,,0.04,17.0,2005-07-01-C-32NM,3265,-11949,90.0,53.0,90.0,53.1,0.0,0.8,0.04,0.0,0.04,0.89
30923,773507,52,11.05,13.5,1.48,0.39,15.7,,,15.0,2005-07-01-C-32NM,3265,-11949,90.0,53.0,90.0,53.1,0.0,0.0,1.53,1.79,5.56,8.88
30925,773567,11,17.48,2.3,0.29,0.0,0.0,,,19.0,2005-07-01-C-32NM,3209,-12064,90.0,70.0,90.0,70.0,0.0,0.0,0.0,0.31,0.0,0.31
30925,773570,31,16.8,1.9,0.3,0.0,0.1,,,17.0,2005-07-01-C-32NM,3209,-12064,90.0,70.0,90.0,70.0,0.0,0.0,0.07,0.0,0.0,0.07
30925,773575,71,13.85,2.2,0.58,0.16,2.7,,,13.0,2005-07-01-C-32NM,3209,-12064,90.0,70.0,90.0,70.0,0.0,0.0,0.0,0.0,0.0,0.0
30930,773736,15,19.7,1.5,0.26,0.01,0.0,,,21.0,2005-07-01-C-32NM,3042,-12400,90.0,120.0,90.0,120.0,0.0,0.0,0.0,0.0,0.02,0.02
30930,773750,124,14.04,3.3,0.45,0.2,2.0,,,11.0,2005-07-01-C-32NM,3042,-12400,90.0,120.0,90.0,120.0,0.0,0.15,0.03,0.0,0.0,0.18
30958,774496,5,14.02,3.2,0.42,0.09,0.9,,,21.0,2005-11-04-C-32NM,3432,-12080,80.0,55.0,80.0,55.0,0.0,0.07,4.52,1.38,5.48,11.45
30958,774499,16,14.02,3.1,0.42,0.1,0.9,,,19.0,2005-11-04-C-32NM,3432,-12080,80.0,55.0,80.0,55.0,0.0,1.08,6.32,4.45,16.67,28.52
30958,774501,30,13.84,4.0,0.55,0.16,2.6,,,17.0,2005-11-04-C-32NM,3432,-12080,80.0,55.0,80.0,55.0,0.22,0.0,3.48,11.22,4.38,19.3
30960,774564,10,15.19,2.4,0.34,0.04,0.6,,,19.0,2005-11-04-C-32NM,3382,-12185,80.0,70.0,80.0,70.1,0.0,0.12,0.06,0.01,0.58,0.77
30960,774565,20,15.07,2.4,0.34,0.04,0.4,,,18.0,2005-11-04-C-32NM,3382,-12185,80.0,70.0,80.0,70.1,0.0,0.0,0.02,0.0,0.05,0.08
30960,774567,40,14.98,2.3,0.37,0.07,1.0,,,16.0,2005-11-04-C-32NM,3382,-12185,80.0,70.0,80.0,70.1,0.0,0.0,0.08,0.01,0.04,0.13
30961,774594,15,16.63,1.2,0.28,0.0,0.0,,,20.0,2005-11-04-C-32NM,3348,-12254,80.0,80.0,80.0,80.0,0.0,0.0,0.01,0.07,0.13,0.21
30961,774598,45,16.62,1.2,0.28,0.0,0.0,,,18.0,2005-11-04-C-32NM,3348,-12254,80.0,80.0,80.0,80.0,0.0,0.0,0.0,0.14,0.0,0.14
30961,774601,60,16.52,1.2,0.29,0.0,0.0,,,16.0,2005-11-04-C-32NM,3348,-12254,80.0,80.0,80.0,80.0,0.0,0.0,0.0,0.01,0.0,0.01
30963,774659,16,16.93,1.6,0.3,0.0,0.0,,0.35,22.0,2005-11-04-C-32NM,3282,-12391,80.0,100.0,80.0,100.0,0.0,0.0,0.08,0.01,0.02,0.12
30963,774664,42,16.73,1.6,0.31,0.0,0.0,,,19.0,2005-11-04-C-32NM,3282,-12391,80.0,100.0,80.0,100.0,0.0,0.0,0.0,0.0,0.0,0.0
30963,774667,56,13.89,2.5,0.5,0.29,1.6,,,17.0,2005-11-04-C-32NM,3282,-12391,80.0,100.0,80.0,100.0,0.0,0.0,0.02,0.0,0.0,0.02
30965,774700,10,14.86,5.0,0.3,0.02,0.0,,,23.0,2005-11-04-C-32NM,3428,-12002,81.8,46.9,81.8,46.9,0.0,0.54,0.0,0.87,1.05,2.46
30965,774701,20,13.87,7.7,0.7,0.32,3.9,,,22.0,2005-11-04-C-32NM,3428,-12002,81.8,46.9,81.8,46.9,0.0,0.0,0.38,0.07,0.3,0.76
30965,774702,30,13.45,9.2,0.89,0.24,8.0,,,21.0,2005-11-04-C-32NM,3428,-12002,81.8,46.9,81.8,46.9,0.0,0.0,3.05,0.46,0.3,3.81
30993,775350,10,16.04,1.2,0.27,0.02,0.1,,,19.0,2005-11-04-C-32NM,3319,-11838,90.0,37.0,90.0,36.9,-999.0,-999.0,-999.0,-999.0,-999.0,-999.0
30993,775352,30,14.8,2.9,0.52,0.21,3.0,,,17.0,2005-11-04-C-32NM,3319,-11838,90.0,37.0,90.0,36.9,-999.0,-999.0,-999.0,-999.0,-999.0,-999.0
30993,775355,60,11.65,10.8,1.22,0.1,13.7,,,14.0,2005-11-04-C-32NM,3319,-11838,90.0,37.0,90.0,36.9,-999.0,-999.0,-999.0,-999.0,-999.0,-999.0
30995,775410,10,17.05,1.7,0.26,0.01,0.0,,,19.0,2005-11-04-C-32NM,3265,-11948,90.0,53.0,90.0,52.9,-999.0,-999.0,-999.0,-999.0,-999.0,-999.0
30995,775414,39,15.75,2.9,0.39,0.05,1.0,,,16.0,2005-11-04-C-32NM,3265,-11948,90.0,53.0,90.0,52.9,-999.0,-999.0,-999.0,-999.0,-999.0,-999.0
30995,775415,50,12.76,6.4,0.83,0.13,7.2,,,15.0,2005-11-04-C-32NM,3265,-11948,90.0,53.0,90.0,52.9,-999.0,-999.0,-999.0,-999.0,-999.0,-999.0
30997,775472,12,16.0,1.8,0.31,0.04,0.3,,0.35,21.0,2005-11-04-C-32NM,3210,-12063,90.0,70.0,90.0,69.9,-999.0,-999.0,-999.0,-999.0,-999.0,-999.0
30997,775473,20,15.99,1.9,0.32,0.04,0.3,,,20.0,2005-11-04-C-32NM,3210,-12063,90.0,70.0,90.0,69.9,-999.0,-999.0,-999.0,-999.0,-999.0,-999.0
30997,775482,75,10.33,18.9,1.66,0.03,20.4,,,13.0,2005-11-04-C-32NM,3210,-12063,90.0,70.0,90.0,69.9,-999.0,-999.0,-999.0,-999.0,-999.0,-999.0
30999,775537,10,17.52,1.3,0.25,0.01,0.0,,,21.0,2005-11-04-C-32NM,3142,-12200,90.0,90.0,90.0,90.0,-999.0,-999.0,-999.0,-999.0,-999.0,-999.0
30999,775542,40,13.91,3.6,0.54,0.15,2.2,,,17.0,2005-11-04-C-32NM,3142,-12200,90.0,90.0,90.0,90.0,-999.0,-999.0,-999.0,-999.0,-999.0,-999.0
30999,775544,51,12.56,6.3,0.91,0.11,8.3,,,16.0,2005-11-04-C-32NM,3142,-12200,90.0,90.0,90.0,90.0,-999.0,-999.0,-999.0,-999.0,-999.0,-999.0
31002,775641,15,19.15,1.8,0.26,0.0,0.0,,,21.0,2005-11-04-C-32NM,3041,-12400,90.0,120.0,90.0,120.1,0.0,0.0,0.0,0.0,0.0,0.0
31002,775645,45,19.03,1.7,0.27,0.0,0.0,,,18.0,2005-11-04-C-32NM,3041,-12400,90.0,120.0,90.0,120.1,0.0,0.0,0.0,0.0,0.0,0.0
31002,775648,75,16.84,1.6,0.26,0.0,0.0,,,15.0,2005-11-04-C-32NM,3041,-12400,90.0,120.0,90.0,120.1,0.0,0.0,0.31,0.0,0.0,0.31
31030,776386,11,12.88,8.0,0.56,0.16,4.3,,,20.0,2006-02-03-C-31JD,3432,-12080,80.0,55.0,80.0,55.0,0.0,0.0,1.24,1.27,0.63,3.15
31030,776390,31,12.88,8.0,0.56,0.16,4.3,,,18.0,2006-02-03-C-31JD,3432,-12080,80.0,55.0,80.0,55.0,0.0,0.0,0.99,1.82,0.22,3.03
31030,776392,39,12.86,8.2,0.58,0.17,4.6,,,16.0,2006-02-03-C-31JD,3432,-12080,80.0,55.0,80.0,55.0,0.0,0.0,0.66,0.04,1.03,1.73
31032,776454,11,13.92,2.9,0.37,0.03,0.4,,,20.0,2006-02-03-C-31JD,3382,-12184,80.0,70.0,80.0,70.0,0.0,0.0,0.0,0.0,0.0,0.0
31032,776457,41,13.91,2.7,0.37,0.03,0.4,,,17.0,2006-02-03-C-31JD,3382,-12184,80.0,70.0,80.0,70.0,0.0,0.0,0.01,0.54,0.0,0.55
31032,776463,85,12.62,6.7,0.71,0.36,5.3,,,12.0,2006-02-03-C-31JD,3382,-12184,80.0,70.0,80.0,70.0,0.0,0.0,0.01,0.0,0.02,0.04
31033,776485,15,14.83,1.6,0.32,0.0,0.0,,,19.0,2006-02-03-C-31JD,3349,-12254,80.0,80.0,80.0,80.0,0.0,0.0,0.01,0.01,0.0,0.02
31033,776488,45,14.67,2.0,0.37,0.06,0.1,,,17.0,2006-02-03-C-31JD,3349,-12254,80.0,80.0,80.0,80.0,0.0,0.0,0.03,0.0,0.0,0.03
31033,776490,55,14.61,2.2,0.38,0.09,0.2,,,16.0,2006-02-03-C-31JD,3349,-12254,80.0,80.0,80.0,80.0,0.0,0.0,0.01,0.0,0.0,0.01
31035,776548,11,14.95,1.8,0.32,0.0,0.0,,,22.0,2006-02-03-C-31JD,3281,-12390,80.0,100.0,80.0,100.0,0.0,0.04,0.02,0.03,0.0,0.09
31035,776557,65,14.65,1.8,0.36,0.11,0.2,,0.03,16.0,2006-02-03-C-31JD,3281,-12390,80.0,100.0,80.0,100.0,0.0,0.0,0.03,0.0,0.0,0.03
31035,776560,89,12.6,5.0,0.74,0.02,6.1,,0.01,14.0,2006-02-03-C-31JD,3281,-12390,80.0,100.0,80.0,100.0,0.0,0.0,0.0,0.0,0.0,0.0
31036,776583,10,13.66,4.2,0.36,0.06,1.3,,,23.0,2006-02-03-C-31JD,3428,-12002,81.8,46.9,81.8,46.8,0.0,0.0,4.09,1.39,14.12,19.59
31036,776584,20,13.4,5.4,0.48,0.13,2.9,,,22.0,2006-02-03-C-31JD,3428,-12002,81.8,46.9,81.8,46.8,0.0,5.92,0.11,0.17,0.14,6.35
31036,776585,30,12.25,10.9,0.99,0.31,9.6,,,21.0,2006-02-03-C-31JD,3428,-12002,81.8,46.9,81.8,46.8,0.0,0.09,0.29,0.08,0.0,0.45
31065,777313,11,14.98,2.4,0.3,0.0,0.0,,,19.0,2006-02-03-C-31JD,3319,-11839,90.0,37.0,90.0,37.0,0.0,0.39,0.0,0.02,0.0,0.41
31065,777317,31,13.88,4.1,0.5,0.1,2.5,,,17.0,2006-02-03-C-31JD,3319,-11839,90.0,37.0,90.0,37.0,0.0,0.0,0.01,0.01,0.0,0.02
31065,777321,61,11.29,12.2,1.28,0.03,14.5,,,14.0,2006-02-03-C-31JD,3319,-11839,90.0,37.0,90.0,37.0,0.0,0.0,0.04,0.11,0.15,0.29
31067,777380,10,14.17,3.2,0.41,0.06,1.3,,,19.0,2006-02-03-C-31JD,3266,-11948,90.0,53.0,90.0,52.9,0.1,0.0,0.17,0.0,0.0,0.27
31067,777382,30,13.27,5.6,0.63,0.12,4.3,,,17.0,2006-02-03-C-31JD,3266,-11948,90.0,53.0,90.0,52.9,0.0,0.0,0.06,0.01,0.21,0.28
31067,777384,50,12.23,8.6,0.97,0.17,9.6,,,15.0,2006-02-03-C-31JD,3266,-11948,90.0,53.0,90.0,52.9,0.0,0.0,0.0,0.53,0.09,0.62
31069,777437,10,14.86,2.3,0.32,0.01,0.1,,,19.0,2006-02-03-C-31JD,3209,-12064,90.0,70.0,90.0,70.0,0.0,0.0,0.0,0.04,0.03,0.07
31069,777440,31,14.26,2.8,0.39,0.05,1.0,,,17.0,2006-02-03-C-31JD,3209,-12064,90.0,70.0,90.0,70.0,0.0,0.0,0.09,0.0,0.25,0.34
31069,777444,71,12.63,6.6,0.79,0.24,6.7,,,13.0,2006-02-03-C-31JD,3209,-12064,90.0,70.0,90.0,70.0,0.0,0.0,0.17,0.07,0.52,0.75
31071,777502,10,16.02,1.7,0.28,0.0,0.0,,,19.0,2006-02-03-C-31JD,3142,-12199,90.0,90.0,90.0,90.0,0.0,0.0,0.0,0.02,0.0,0.02
31071,777507,50,14.49,2.6,0.35,0.07,0.4,,,15.0,2006-02-03-C-31JD,3142,-12199,90.0,90.0,90.0,90.0,0.0,0.07,0.05,0.04,0.19,0.36
31071,777509,70,12.27,7.7,0.94,0.02,9.8,,,13.0,2006-02-03-C-31JD,3142,-12199,90.0,90.0,90.0,90.0,0.0,0.0,0.0,0.0,0.32,0.32
31074,777596,13,15.87,1.5,0.3,0.0,0.0,,,22.0,2006-02-03-C-31JD,3041,-12400,90.0,120.0,90.0,120.1,0.0,0.0,0.0,0.0,0.0,0.0
31074,777603,61,15.52,1.7,0.31,0.0,0.0,,0.07,18.0,2006-02-03-C-31JD,3041,-12400,90.0,120.0,90.0,120.1,0.0,0.0,0.0,0.0,0.0,0.0
31074,777605,72,15.02,2.0,0.36,0.12,0.3,,,16.0,2006-02-03-C-31JD,3041,-12400,90.0,120.0,90.0,120.1,0.0,0.0,0.03,0.02,0.13,0.18
31109,778588,16,15.36,2.0,0.32,0.0,0.1,,,19.0,2006-04-01-C-32NM,3041,-12400,90.0,120.0,90.0,120.1,0.0,0.07,0.0,0.0,0.02,0.1
31109,778594,62,14.53,2.2,0.33,0.0,0.1,,,16.0,2006-04-01-C-32NM,3041,-12400,90.0,120.0,90.0,120.1,0.0,0.0,0.02,0.02,0.0,0.04
31109,778596,84,13.22,4.6,0.67,0.05,4.6,,,14.0,2006-04-01-C-32NM,3041,-12400,90.0,120.0,90.0,120.1,0.0,0.0,0.23,0.08,0.09,0.4
31112,778691,16,14.93,2.2,0.34,0.0,0.1,,,19.0,2006-04-01-C-32NM,3142,-12200,90.0,90.0,90.0,90.1,0.0,0.0,0.06,0.05,0.09,0.2
31112,778695,45,14.66,2.1,0.33,0.0,0.1,,,17.0,2006-04-01-C-32NM,3142,-12200,90.0,90.0,90.0,90.1,0.0,0.0,0.06,0.09,0.11,0.26
31112,778697,56,13.81,3.0,0.48,0.12,1.8,,,16.0,2006-04-01-C-32NM,3142,-12200,90.0,90.0,90.0,90.1,0.0,0.0,0.01,0.1,0.0,0.11
31114,778762,11,14.22,2.1,0.33,0.0,0.1,,,20.0,2006-04-01-C-32NM,3208,-12065,90.0,70.0,90.0,70.1,0.0,0.0,0.0,0.01,1.0,1.01
31114,778767,35,13.76,2.3,0.36,0.06,0.5,,,17.0,2006-04-01-C-32NM,3208,-12065,90.0,70.0,90.0,70.1,0.0,0.0,0.0,0.14,1.2,1.34
31114,778770,51,13.03,3.0,0.51,0.24,2.0,,,15.0,2006-04-01-C-32NM,3208,-12065,90.0,70.0,90.0,70.1,0.0,0.0,0.55,0.05,0.34,0.94
31116,778829,11,13.77,4.5,0.33,0.06,1.1,,,19.0,2006-04-01-C-32NM,3265,-11949,90.0,53.0,90.0,53.1,0.0,0.2,2.29,2.3,1.62,6.42
31116,778830,20,13.62,4.5,0.34,0.06,1.3,,,18.0,2006-04-01-C-32NM,3265,-11949,90.0,53.0,90.0,53.1,0.0,0.0,0.31,0.03,2.2,2.54
31116,778836,60,11.14,15.7,1.39,0.29,15.9,,,14.0,2006-04-01-C-32NM,3265,-11949,90.0,53.0,90.0,53.1,0.0,0.0,0.08,0.01,0.17,0.26
31118,778899,11,14.06,2.0,0.26,0.05,0.2,,,21.0,2006-04-01-C-32NM,3319,-11839,90.0,37.0,90.0,37.0,0.0,0.18,0.35,0.21,28.18,28.93
31118,778901,25,13.65,2.7,0.39,0.12,1.4,,,19.0,2006-04-01-C-32NM,3319,-11839,90.0,37.0,90.0,37.0,0.0,0.11,0.59,0.26,21.68,22.64
31118,778904,35,12.58,6.9,0.89,0.21,7.1,,,17.0,2006-04-01-C-32NM,3319,-11839,90.0,37.0,90.0,37.0,0.0,0.0,0.14,0.01,0.0,0.15
31149,779662,11,12.69,6.5,0.54,0.15,3.8,,,22.0,2006-04-01-C-32NM,3428,-12002,81.8,46.9,81.8,46.8,0.0,0.0,10.08,6.77,7.64,24.49
31149,779663,17,12.65,6.6,0.57,0.15,4.2,,,21.0,2006-04-01-C-32NM,3428,-12002,81.8,46.9,81.8,46.8,0.0,0.0,10.38,15.69,29.46,55.53
31149,779667,31,12.45,7.1,0.68,0.16,5.6,,,19.0,2006-04-01-C-32NM,3428,-12002,81.8,46.9,81.8,46.8,0.0,0.0,0.29,27.06,3.19,30.53
31152,779721,10,14.15,2.4,0.3,0.03,0.5,,,20.0,2006-04-01-C-32NM,3432,-12080,80.0,55.0,80.0,55.0,0.0,0.0,0.07,0.58,0.0,0.65
31152,779725,40,12.4,7.1,0.8,0.26,7.3,,,16.0,2006-04-01-C-32NM,3432,-12080,80.0,55.0,80.0,55.0,0.0,0.0,0.25,0.46,0.08,0.8
31152,779727,51,11.16,13.8,1.3,0.21,14.5,,,15.0,2006-04-01-C-32NM,3432,-12080,80.0,55.0,80.0,55.0,0.0,0.0,0.04,0.24,0.11,0.39
31154,779784,15,13.85,2.7,0.32,0.0,0.0,,,19.0,2006-04-01-C-32NM,3382,-12184,80.0,70.0,80.0,69.9,0.0,0.05,0.0,0.0,0.0,0.05
31154,779787,45,13.58,2.7,0.34,0.03,0.1,,,17.0,2006-04-01-C-32NM,3382,-12184,80.0,70.0,80.0,69.9,0.0,0.28,0.0,0.06,0.0,0.33
31154,779789,55,13.26,2.8,0.42,0.14,0.7,,,16.0,2006-04-01-C-32NM,3382,-12184,80.0,70.0,80.0,69.9,0.0,0.0,0.03,0.15,0.16,0.34
31155,779816,15,14.79,2.1,0.32,0.0,0.1,,,20.0,2006-04-01-C-32NM,3348,-12254,80.0,80.0,80.0,80.1,0.0,0.0,0.07,0.0,0.03,0.09
31155,779822,61,14.27,2.1,0.33,0.0,0.0,,,17.0,2006-04-01-C-32NM,3348,-12254,80.0,80.0,80.0,80.1,0.0,0.0,0.04,0.0,0.5,0.54
31155,779825,80,14.3,2.5,0.38,0.06,0.5,,,15.0,2006-04-01-C-32NM,3348,-12254,80.0,80.0,80.0,80.1,0.0,0.07,0.09,0.07,0.89,1.13
31157,779883,15,14.97,2.1,0.32,0.0,0.1,,,19.0,2006-04-01-C-32NM,3282,-12391,80.0,100.0,80.0,100.0,0.0,0.04,0.08,0.0,0.0,0.11
31157,779888,60,14.69,2.1,0.32,0.0,0.1,,,16.0,2006-04-01-C-32NM,3282,-12391,80.0,100.0,80.0,100.0,0.03,0.0,0.0,0.05,0.0,0.08
31157,779890,85,14.44,2.1,0.32,0.0,0.1,,,14.0,2006-04-01-C-32NM,3282,-12391,80.0,100.0,80.0,100.0,0.0,0.09,0.01,0.01,0.0,0.11
31178,780429,11,13.59,8.2,0.75,0.17,6.4,,,19.0,2006-07-08-C-32NM,3432,-12080,80.0,55.0,80.0,55.0,0.0,0.56,1.24,0.23,0.18,2.21
31178,780430,20,11.81,14.7,1.23,0.19,13.5,,,18.0,2006-07-08-C-32NM,3432,-12080,80.0,55.0,80.0,55.0,0.0,0.0,0.41,0.06,0.97,1.44
31178,780431,30,10.99,16.9,1.45,0.14,17.2,,,17.0,2006-07-08-C-32NM,3432,-12080,80.0,55.0,80.0,55.0,0.0,0.0,1.18,0.39,0.02,1.59
31180,780490,10,16.22,4.0,0.3,0.04,0.4,,,20.0,2006-07-08-C-32NM,3382,-12184,80.0,70.0,80.0,70.0,0.0,0.0,0.47,0.25,0.0,0.72
31180,780492,25,15.56,4.7,0.46,0.21,2.0,,,18.0,2006-07-08-C-32NM,3382,-12184,80.0,70.0,80.0,70.0,0.0,0.0,0.06,0.0,0.0,0.06
31180,780493,30,14.84,5.7,0.62,0.44,3.3,,,17.0,2006-07-08-C-32NM,3382,-12184,80.0,70.0,80.0,70.0,0.0,0.0,0.64,0.97,0.01,1.62
31181,780525,24,15.74,1.6,0.29,0.01,0.0,,,20.0,2006-07-08-C-32NM,3348,-12253,80.0,80.0,80.0,80.0,0.0,0.0,0.24,0.03,0.0,0.28
31181,780529,42,14.45,2.9,0.54,0.13,3.6,,,17.0,2006-07-08-C-32NM,3348,-12253,80.0,80.0,80.0,80.0,0.0,0.0,0.95,0.01,0.0,0.95
31181,780532,56,14.03,3.6,0.65,0.17,5.1,,,15.0,2006-07-08-C-32NM,3348,-12253,80.0,80.0,80.0,80.0,0.0,0.0,0.0,0.12,1.24,1.36
31183,780592,15,18.15,1.2,0.27,0.0,0.0,,,20.0,2006-07-08-C-32NM,3282,-12391,80.0,100.0,80.0,100.0,0.0,0.0,0.1,0.24,0.16,0.5
31183,780596,45,16.9,1.4,0.27,0.0,0.0,,,17.0,2006-07-08-C-32NM,3282,-12391,80.0,100.0,80.0,100.0,0.0,0.0,0.11,0.28,0.02,0.42
31183,780599,65,15.08,1.4,0.29,0.01,0.1,,,15.0,2006-07-08-C-32NM,3282,-12391,80.0,100.0,80.0,100.0,0.0,0.0,0.34,0.02,0.06,0.41
31185,780632,12,17.87,4.1,0.2,0.01,0.1,,,22.0,2006-07-08-C-32NM,3428,-12002,81.8,46.9,81.8,46.8,0.33,0.33,4.58,17.72,13.65,36.62
31185,780633,16,17.42,5.3,0.19,0.01,0.1,,,21.0,2006-07-08-C-32NM,3428,-12002,81.8,46.9,81.8,46.8,0.0,0.56,14.18,56.53,3.27,74.53
31185,780636,29,14.72,9.6,0.69,0.13,5.1,,,19.0,2006-07-08-C-32NM,3428,-12002,81.8,46.9,81.8,46.8,0.0,0.14,4.06,8.56,11.61,24.37
31215,781399,10,21.88,2.3,0.1,0.01,0.0,,,21.0,2006-07-08-C-32NM,3318,-11839,90.0,37.0,90.0,37.0,0.0,0.0,0.33,0.89,0.01,1.24
31215,781402,30,12.68,8.2,0.63,0.06,1.8,,,18.0,2006-07-08-C-32NM,3318,-11839,90.0,37.0,90.0,37.0,0.0,0.34,0.52,0.32,0.0,1.18
31215,781403,35,11.93,12.1,1.08,0.39,7.2,,,17.0,2006-07-08-C-32NM,3318,-11839,90.0,37.0,90.0,37.0,0.0,0.78,0.46,0.21,0.06,1.51
31217,781463,10,14.78,10.5,0.58,0.06,3.3,,,19.0,2006-07-08-C-32NM,3265,-11948,90.0,53.0,90.0,53.0,0.25,0.78,1.1,1.6,0.07,3.81
31217,781464,20,14.42,11.1,0.71,0.1,5.3,,,18.0,2006-07-08-C-32NM,3265,-11948,90.0,53.0,90.0,53.0,0.42,0.29,0.8,0.77,0.54,2.82
31217,781468,60,9.72,26.1,1.97,0.04,24.8,,,14.0,2006-07-08-C-32NM,3265,-11948,90.0,53.0,90.0,53.0,0.0,0.0,0.18,0.0,0.04,0.21
31219,781528,15,16.55,1.9,0.28,0.0,0.0,,,20.0,2006-07-08-C-32NM,3209,-12064,90.0,70.0,90.0,70.0,0.0,0.0,0.05,0.0,0.0,0.05
31219,781531,45,16.09,2.0,0.29,0.0,0.1,,,18.0,2006-07-08-C-32NM,3209,-12064,90.0,70.0,90.0,70.0,0.05,0.0,0.0,0.0,0.0,0.05
31219,781534,65,14.08,2.8,0.39,0.04,0.3,,,16.0,2006-07-08-C-32NM,3209,-12064,90.0,70.0,90.0,70.0,0.0,0.0,0.04,0.54,0.03,0.6
31221,781599,45,16.19,1.6,0.29,0.0,0.0,,,17.0,2006-07-08-C-32NM,3142,-12199,90.0,90.0,90.0,90.0,0.0,0.0,0.0,0.0,0.0,0.0
31221,781603,75,14.27,1.7,0.37,0.07,0.4,,,14.0,2006-07-08-C-32NM,3142,-12199,90.0,90.0,90.0,90.0,0.0,0.0,0.0,0.04,0.01,0.06
31224,781702,15,18.56,1.8,0.28,0.0,0.0,,,20.0,2006-07-08-C-32NM,3042,-12400,90.0,120.0,90.0,120.0,0.0,0.0,0.12,0.0,0.21,0.33
31224,781707,61,14.64,2.3,0.32,0.0,0.0,,,17.0,2006-07-08-C-32NM,3042,-12400,90.0,120.0,90.0,120.0,0.0,0.0,0.03,0.01,0.01,0.05
31224,781710,80,12.94,4.2,0.58,0.08,3.2,,,15.0,2006-07-08-C-32NM,3042,-12400,90.0,120.0,90.0,120.0,0.0,0.0,0.08,0.06,0.14,0.28
31259,782700,15,19.26,1.7,0.26,0.0,0.1,,,19.0,2006-10-21-C-33RR,3042,-12400,90.0,120.0,90.0,120.0,0.0,0.0,0.16,0.12,0.0,0.28
31259,782705,59,17.04,1.7,0.27,0.0,0.1,,,16.0,2006-10-21-C-33RR,3042,-12400,90.0,120.0,90.0,120.0,0.0,0.0,0.0,0.0,0.0,0.0
31259,782708,94,13.14,4.5,0.6,0.15,3.6,,,13.0,2006-10-21-C-33RR,3042,-12400,90.0,120.0,90.0,120.0,0.0,0.0,0.04,0.19,0.13,0.35
31262,782795,18,18.08,1.5,0.29,0.0,0.1,,,21.0,2006-10-21-C-33RR,3142,-12199,90.0,90.0,90.0,90.0,0.0,0.0,0.01,0.17,0.0,0.18
31262,782799,44,16.6,1.4,0.31,0.0,0.1,,,19.0,2006-10-21-C-33RR,3142,-12199,90.0,90.0,90.0,90.0,0.0,0.0,0.15,0.03,0.11,0.29
31262,782801,53,15.53,1.4,0.35,0.0,0.0,,,18.0,2006-10-21-C-33RR,3142,-12199,90.0,90.0,90.0,90.0,0.0,0.0,0.01,0.04,0.08,0.12
31264,782864,9,17.78,1.3,0.28,0.0,0.0,,,19.0,2006-10-21-C-33RR,3208,-12064,90.0,70.0,90.0,70.0,0.0,0.0,0.14,0.0,0.0,0.14
31264,782869,50,15.08,2.0,0.43,0.1,0.6,,,15.0,2006-10-21-C-33RR,3208,-12064,90.0,70.0,90.0,70.0,0.0,0.0,0.09,0.51,0.01,0.61
31264,782871,69,12.95,7.6,0.94,0.08,9.1,,,13.0,2006-10-21-C-33RR,3208,-12064,90.0,70.0,90.0,70.0,0.0,0.0,0.53,0.93,0.21,1.68
31266,782926,10,18.71,1.8,0.23,0.0,0.1,,,21.0,2006-10-21-C-33RR,3266,-11948,90.0,53.0,90.0,53.0,0.0,0.0,0.03,0.02,0.0,0.05
31266,782930,40,15.41,2.7,0.38,0.03,0.6,,,17.0,2006-10-21-C-33RR,3266,-11948,90.0,53.0,90.0,53.0,0.0,0.0,0.15,0.13,0.29,0.57
31266,782934,71,12.09,10.6,1.07,0.07,11.5,,,14.0,2006-10-21-C-33RR,3266,-11948,90.0,53.0,90.0,53.0,0.0,0.0,0.24,0.07,0.04,0.35
31268,782991,9,17.63,1.3,0.25,0.0,0.1,,,20.0,2006-10-21-C-33RR,3318,-11839,90.0,37.0,90.0,37.0,0.0,0.0,0.11,0.01,0.02,0.15
31268,782995,29,15.77,2.4,0.37,0.07,0.9,,,17.0,2006-10-21-C-33RR,3318,-11839,90.0,37.0,90.0,37.0,0.0,0.0,0.06,0.07,2.43,2.55
31268,782999,49,13.17,6.8,0.73,0.2,5.2,,,15.0,2006-10-21-C-33RR,3318,-11839,90.0,37.0,90.0,37.0,0.0,0.0,0.2,0.03,1.03,1.26
31300,783786,30,15.68,3.5,0.39,0.03,0.0,,,21.0,2006-10-21-C-33RR,3428,-12002,81.8,46.9,81.8,46.9,0.0,0.0,0.65,0.3,1.2,2.16
31300,783787,40,13.58,6.8,0.75,0.28,3.9,,,20.0,2006-10-21-C-33RR,3428,-12002,81.8,46.9,81.8,46.9,0.0,0.0,0.17,0.33,0.0,0.5
31303,783835,11,15.91,2.3,0.29,0.02,0.0,,,20.0,2006-10-21-C-33RR,3432,-12080,80.0,55.0,80.0,55.0,0.0,0.0,0.94,6.76,7.72,15.43
31303,783838,26,15.78,2.7,0.33,0.06,0.2,,,18.0,2006-10-21-C-33RR,3432,-12080,80.0,55.0,80.0,55.0,0.0,0.2,1.0,0.36,1.38,2.94
31303,783839,30,15.69,2.9,0.36,0.09,0.6,,,17.0,2006-10-21-C-33RR,3432,-12080,80.0,55.0,80.0,55.0,0.0,0.0,0.46,0.15,4.16,4.76
31305,783900,11,17.42,1.8,0.3,0.0,0.0,,,23.0,2006-10-21-C-33RR,3383,-12182,80.0,70.0,80.0,69.7,0.08,0.0,0.15,0.16,0.0,0.39
31305,783905,40,15.26,1.4,0.32,0.0,0.0,,,19.0,2006-10-21-C-33RR,3383,-12182,80.0,70.0,80.0,69.7,0.0,0.0,0.05,0.01,0.03,0.08
31305,783906,50,14.12,1.6,0.35,0.02,0.2,,,18.0,2006-10-21-C-33RR,3383,-12182,80.0,70.0,80.0,69.7,0.0,0.0,0.02,0.0,0.03,0.05
31306,783935,10,17.01,1.6,0.3,0.0,0.0,,,20.0,2006-10-21-C-33RR,3349,-12253,80.0,80.0,80.0,79.9,0.0,0.0,0.07,0.0,0.0,0.07
31306,783941,50,13.33,2.4,0.47,0.14,1.3,,,15.0,2006-10-21-C-33RR,3349,-12253,80.0,80.0,80.0,79.9,0.0,0.0,0.72,0.0,0.07,0.8
31306,783942,60,12.5,3.9,0.65,0.26,4.0,,,14.0,2006-10-21-C-33RR,3349,-12253,80.0,80.0,80.0,79.9,0.0,0.0,0.17,0.03,0.0,0.2
31308,784004,14,17.64,1.6,0.29,0.0,0.0,,,21.0,2006-10-21-C-33RR,3281,-12392,80.0,100.0,80.0,100.2,0.0,0.0,0.12,0.0,0.0,0.12
31308,784010,52,16.97,1.4,0.3,0.0,0.0,,,18.0,2006-10-21-C-33RR,3281,-12392,80.0,100.0,80.0,100.2,0.0,0.0,0.01,0.0,0.0,0.01
31308,784011,64,15.15,1.5,0.32,0.0,0.0,,,17.0,2006-10-21-C-33RR,3281,-12392,80.0,100.0,80.0,100.2,0.0,0.0,0.0,0.01,0.01,0.02
31337,784776,10,12.97,3.7,0.58,0.15,3.2,,,19.0,2007-01-12-C-31JD,3432,-12080,80.0,55.0,80.0,55.0,0.0,0.0,6.73,17.15,0.3,24.18
31337,784779,30,12.9,3.8,0.6,0.15,3.4,,,17.0,2007-01-12-C-31JD,3432,-12080,80.0,55.0,80.0,55.0,0.21,0.0,12.02,4.85,7.26,24.34
31337,784780,40,12.49,7.3,0.87,0.19,6.7,,,16.0,2007-01-12-C-31JD,3432,-12080,80.0,55.0,80.0,55.0,0.0,1.28,2.88,1.45,4.29,9.89
31339,784836,10,13.02,3.3,0.4,0.08,0.8,,,19.0,2007-01-12-C-31JD,3382,-12184,80.0,70.0,80.0,70.0,0.0,0.0,0.38,0.61,0.02,1.01
31339,784837,20,12.76,4.0,0.48,0.23,2.0,,,18.0,2007-01-12-C-31JD,3382,-12184,80.0,70.0,80.0,70.0,0.0,0.0,0.3,0.36,0.0,0.66
31339,784843,69,12.68,4.1,0.52,0.33,2.6,,,13.0,2007-01-12-C-31JD,3382,-12184,80.0,70.0,80.0,70.0,0.0,0.15,0.27,0.12,2.9,3.45
31340,784867,10,12.76,4.4,0.49,0.23,2.1,,,19.0,2007-01-12-C-31JD,3348,-12254,80.0,80.0,80.0,80.0,0.0,0.15,0.1,0.03,0.32,0.61
31340,784868,20,12.74,4.4,0.49,0.23,2.2,,,18.0,2007-01-12-C-31JD,3348,-12254,80.0,80.0,80.0,80.0,0.0,0.13,0.78,0.69,0.0,1.6
31340,784872,47,12.65,5.0,0.55,0.45,2.9,,,15.0,2007-01-12-C-31JD,3348,-12254,80.0,80.0,80.0,80.0,0.0,0.1,0.61,0.3,0.01,1.02
31342,784929,11,14.15,2.2,0.3,0.01,0.0,,,19.0,2007-01-12-C-31JD,3281,-12391,80.0,100.0,80.0,100.1,0.0,0.2,0.06,0.14,0.0,0.41
31342,784933,41,13.95,2.1,0.33,0.02,0.1,,,16.0,2007-01-12-C-31JD,3281,-12391,80.0,100.0,80.0,100.1,0.0,0.0,0.19,0.25,0.07,0.52
31342,784935,61,13.93,2.1,0.33,0.03,0.1,,,14.0,2007-01-12-C-31JD,3281,-12391,80.0,100.0,80.0,100.1,0.0,0.08,0.15,0.0,0.02,0.25
31344,784964,10,13.76,0.9,0.32,0.03,0.1,,,22.0,2007-01-12-C-31JD,3428,-12003,81.8,46.9,81.8,46.9,0.55,2.35,22.76,1.55,4.91,32.12
31344,784966,20,13.71,1.0,0.35,0.04,0.2,,,21.0,2007-01-12-C-31JD,3428,-12003,81.8,46.9,81.8,46.9,0.44,0.21,19.04,16.4,0.56,36.65
31344,784970,60,12.64,10.7,1.12,0.33,10.8,,,17.0,2007-01-12-C-31JD,3428,-12003,81.8,46.9,81.8,46.9,0.26,0.68,0.92,0.19,0.06,2.09
31374,785717,10,14.6,2.2,0.39,0.05,0.3,,,19.0,2007-01-12-C-31JD,3319,-11838,90.0,37.0,90.0,36.9,0.14,18.41,32.52,33.8,0.11,84.98
31374,785721,31,14.52,1.6,0.37,0.03,0.1,,,17.0,2007-01-12-C-31JD,3319,-11838,90.0,37.0,90.0,36.9,0.76,8.73,16.85,19.83,17.55,63.71
31374,785724,61,14.07,5.8,0.65,0.16,3.9,,,14.0,2007-01-12-C-31JD,3319,-11838,90.0,37.0,90.0,36.9,0.0,0.0,2.48,2.24,0.31,5.03
31376,785779,11,13.59,2.7,0.47,0.1,1.9,,,19.0,2007-01-12-C-31JD,3265,-11948,90.0,53.0,90.0,53.0,0.0,0.31,3.94,2.22,0.55,7.02
31376,785786,51,13.59,2.8,0.48,0.1,1.9,,,15.0,2007-01-12-C-31JD,3265,-11948,90.0,53.0,90.0,53.0,0.05,0.37,4.97,0.04,0.24,5.67
31376,785788,71,12.82,7.4,0.82,0.2,7.3,,,13.0,2007-01-12-C-31JD,3265,-11948,90.0,53.0,90.0,53.0,0.05,0.41,0.74,0.99,0.13,2.32
31378,785846,11,13.18,3.8,0.55,0.22,2.9,,,19.0,2007-01-12-C-31JD,3209,-12062,90.0,70.0,90.0,69.8,0.0,0.36,1.5,3.52,0.11,5.48
31378,785850,31,13.17,4.2,0.59,0.15,3.4,,,17.0,2007-01-12-C-31JD,3209,-12062,90.0,70.0,90.0,69.8,0.0,0.32,0.66,2.03,0.04,3.05
31378,785857,100,10.18,17.5,1.5,0.01,19.0,,,11.0,2007-01-12-C-31JD,3209,-12062,90.0,70.0,90.0,69.8,0.0,0.0,0.06,0.0,0.0,0.06
31380,785909,15,15.2,0.7,0.27,0.0,0.1,,,19.0,2007-01-12-C-31JD,3142,-12199,90.0,90.0,90.0,90.0,0.0,0.0,0.08,0.64,0.02,0.74
31380,785914,46,15.21,0.9,0.28,0.0,0.1,,,17.0,2007-01-12-C-31JD,3142,-12199,90.0,90.0,90.0,90.0,0.0,0.0,0.06,0.01,0.48,0.55
31380,785919,80,15.21,1.0,0.28,0.0,0.1,,,14.0,2007-01-12-C-31JD,3142,-12199,90.0,90.0,90.0,90.0,0.0,0.0,0.14,0.59,1.65,2.38
31383,786006,19,15.82,1.6,0.26,0.0,0.0,,,21.0,2007-01-12-C-31JD,3042,-12399,90.0,120.0,90.0,119.9,0.0,0.0,0.12,0.0,0.0,0.12
31383,786013,71,15.83,1.5,0.26,0.0,0.0,,,16.0,2007-01-12-C-31JD,3042,-12399,90.0,120.0,90.0,119.9,0.0,0.0,0.08,0.0,0.36,0.43
31383,786018,102,14.55,2.1,0.28,0.13,0.2,,,13.0,2007-01-12-C-31JD,3042,-12399,90.0,120.0,90.0,119.9,0.0,0.0,0.13,0.04,0.18,0.35
31423,787033,11,11.38,18.6,1.55,0.29,17.7,,,19.0,2007-03-27-C-31JD,3432,-12080,80.0,55.0,80.0,55.0,0.08,1.46,0.84,0.2,1.78,4.36
31423,787038,31,11.37,19.0,1.56,0.35,17.8,,,17.0,2007-03-27-C-31JD,3432,-12080,80.0,55.0,80.0,55.0,0.33,0.62,0.38,0.28,4.22,5.83
31423,787041,61,11.05,18.3,1.56,0.36,18.0,,,14.0,2007-03-27-C-31JD,3432,-12080,80.0,55.0,80.0,55.0,0.19,0.04,0.17,0.74,7.71,8.84
31425,787096,10,12.95,3.2,0.49,0.17,2.1,,,19.0,2007-03-27-C-31JD,3382,-12184,80.0,70.0,80.0,69.9,0.0,0.1,0.24,0.0,0.0,0.35
31425,787100,50,12.88,3.2,0.53,0.18,2.6,,,15.0,2007-03-27-C-31JD,3382,-12184,80.0,70.0,80.0,69.9,0.16,0.0,0.52,0.66,1.49,2.82
31425,787102,70,12.7,3.5,0.67,0.26,4.1,,,13.0,2007-03-27-C-31JD,3382,-12184,80.0,70.0,80.0,69.9,0.13,0.09,0.46,0.13,0.05,0.86
31426,787127,11,13.49,2.7,0.42,0.09,1.1,,,19.0,2007-03-27-C-31JD,3348,-12253,80.0,80.0,80.0,80.0,0.07,0.0,0.41,4.74,0.12,5.34
31426,787129,30,13.1,2.8,0.48,0.12,2.1,,,17.0,2007-03-27-C-31JD,3348,-12253,80.0,80.0,80.0,80.0,0.06,0.0,0.5,0.34,0.06,0.96
31426,787130,40,13.07,2.9,0.52,0.15,2.7,,,16.0,2007-03-27-C-31JD,3348,-12253,80.0,80.0,80.0,80.0,0.0,0.33,0.73,0.0,0.56,1.62
31429,787203,15,14.08,2.2,0.33,0.0,0.0,,,19.0,2007-03-27-C-31JD,3282,-12390,80.0,100.0,80.0,100.0,0.11,0.0,0.5,0.04,0.0,0.65
31429,787206,46,14.06,2.1,0.33,0.0,0.1,,,17.0,2007-03-27-C-31JD,3282,-12390,80.0,100.0,80.0,100.0,0.12,0.0,0.36,0.0,0.0,0.49
31429,787208,54,13.6,2.8,0.35,0.05,0.5,,,16.0,2007-03-27-C-31JD,3282,-12390,80.0,100.0,80.0,100.0,0.0,0.07,0.49,0.06,0.43,1.06
31430,787237,22,11.59,15.9,1.36,0.35,15.5,,,21.0,2007-03-27-C-31JD,3428,-12002,81.8,46.9,81.8,46.9,1.46,0.0,0.15,0.0,23.84,25.46
31454,787872,12,15.5,1.7,0.32,0.0,0.0,,,19.0,2007-03-27-C-31JD,3318,-11840,90.0,37.0,90.0,37.2,0.0,0.12,0.12,0.08,0.39,0.72
31454,787878,44,13.87,3.9,0.54,0.15,2.6,,,15.0,2007-03-27-C-31JD,3318,-11840,90.0,37.0,90.0,37.2,0.0,0.19,0.35,0.41,0.29,1.24
31454,787880,56,13.34,6.1,0.72,0.35,4.9,,,14.0,2007-03-27-C-31JD,3318,-11840,90.0,37.0,90.0,37.2,0.0,0.06,0.08,0.04,0.16,0.34
31456,787939,11,13.81,5.0,0.49,0.1,2.0,,,20.0,2007-03-27-C-31JD,3266,-11948,90.0,53.0,90.0,52.9,0.0,0.29,0.16,0.41,0.05,0.92
31456,787940,16,13.57,6.6,0.61,0.17,3.5,,,19.0,2007-03-27-C-31JD,3266,-11948,90.0,53.0,90.0,52.9,0.13,0.0,0.15,0.07,0.16,0.51
31456,787941,20,13.38,6.7,0.66,0.19,4.2,,,18.0,2007-03-27-C-31JD,3266,-11948,90.0,53.0,90.0,52.9,0.17,0.3,0.2,0.26,0.0,0.93
31458,787998,8,14.56,1.9,0.31,0.0,0.0,,,20.0,2007-03-27-C-31JD,3206,-12065,90.0,70.0,90.1,70.3,0.0,0.16,0.29,0.01,0.0,0.47
31458,788005,50,13.9,2.6,0.37,0.04,0.3,,,15.0,2007-03-27-C-31JD,3206,-12065,90.0,70.0,90.1,70.3,0.0,0.37,0.17,0.11,0.1,0.75
31458,788006,62,13.01,3.2,0.52,0.22,2.4,,,14.0,2007-03-27-C-31JD,3206,-12065,90.0,70.0,90.1,70.3,0.05,0.19,0.24,0.07,0.08,0.63
31460,788063,10,14.58,2.3,0.33,0.0,0.0,,,21.0,2007-03-27-C-31JD,3141,-12199,90.0,90.0,90.0,90.1,1.39,0.19,0.07,0.14,0.0,1.79
31460,788066,35,13.67,2.5,0.36,0.03,0.1,,,18.0,2007-03-27-C-31JD,3141,-12199,90.0,90.0,90.0,90.1,0.04,0.04,0.25,0.1,2.76,3.19
31460,788068,45,13.52,2.4,0.39,0.08,0.4,,,16.0,2007-03-27-C-31JD,3141,-12199,90.0,90.0,90.0,90.1,0.26,0.04,0.14,0.13,0.28,0.86
31463,788159,15,15.98,1.6,0.25,0.0,0.0,,,19.0,2007-03-27-C-31JD,3042,-12400,90.0,120.0,90.0,120.0,0.0,0.0,0.0,0.0,0.0,0.0
31463,788165,60,16.45,1.5,0.2,0.0,0.0,,,16.0,2007-03-27-C-31JD,3042,-12400,90.0,120.0,90.0,120.0,0.0,0.0,0.13,0.0,0.0,0.13
31463,788171,115,15.95,1.9,0.22,0.05,0.2,,,11.0,2007-03-27-C-31JD,3042,-12400,90.0,120.0,90.0,120.0,0.0,0.0,1.11,0.01,0.14,1.26
31490,788902,10,13.53,7.9,0.75,0.13,7.0,,,21.0,2007-06-28-C-32NM,3431,-12079,80.0,55.0,80.0,54.9,0.33,1.73,8.39,16.25,5.11,31.81
31490,788905,19,12.97,10.8,0.97,0.17,10.1,,,19.0,2007-06-28-C-32NM,3431,-12079,80.0,55.0,80.0,54.9,0.0,0.0,2.12,2.15,1.25,5.52
31490,788909,34,11.5,16.3,1.38,0.15,16.5,,,17.0,2007-06-28-C-32NM,3431,-12079,80.0,55.0,80.0,54.9,0.0,0.21,3.07,3.29,1.47,8.05
31492,788968,10,15.66,3.0,0.46,0.06,2.3,,,19.0,2007-06-28-C-32NM,3382,-12183,80.0,70.0,80.0,69.9,0.0,0.0,0.23,2.45,0.03,2.7
31492,788970,30,15.38,2.6,0.5,0.08,2.6,,,17.0,2007-06-28-C-32NM,3382,-12183,80.0,70.0,80.0,69.9,0.0,0.0,0.53,0.3,0.07,0.9
31492,788971,40,13.67,4.5,0.59,0.23,3.3,,,16.0,2007-06-28-C-32NM,3382,-12183,80.0,70.0,80.0,69.9,0.0,0.0,0.52,1.04,0.22,1.78
31493,788999,15,16.31,3.7,0.31,0.0,0.2,,,19.0,2007-06-28-C-32NM,3348,-12252,80.0,80.0,80.0,79.9,0.0,0.0,0.37,0.33,0.03,0.72
31493,789004,55,13.22,2.7,0.37,0.04,0.3,,,16.0,2007-06-28-C-32NM,3348,-12252,80.0,80.0,80.0,79.9,0.0,0.0,0.12,1.52,0.0,1.64
31493,789005,64,13.12,2.9,0.39,0.1,0.3,,,15.0,2007-06-28-C-32NM,3348,-12252,80.0,80.0,80.0,79.9,0.0,0.0,0.22,0.17,0.18,0.57
31495,789065,15,17.18,1.9,0.35,0.0,0.0,,,19.0,2007-06-28-C-32NM,3282,-12390,80.0,100.0,80.0,99.9,0.15,0.4,0.18,0.01,0.02,0.77
31495,789070,59,16.19,1.8,0.32,0.0,0.1,,,16.0,2007-06-28-C-32NM,3282,-12390,80.0,100.0,80.0,99.9,0.17,0.79,0.56,0.0,0.0,1.51
31496,789096,10,15.1,3.9,0.52,0.07,2.0,,,23.0,2007-06-28-C-32NM,3427,-12002,81.8,46.9,81.8,46.8,0.15,0.58,0.74,0.22,0.12,1.8
31496,789099,40,12.2,15.6,1.32,0.21,13.1,,,20.0,2007-06-28-C-32NM,3427,-12002,81.8,46.9,81.8,46.8,0.2,0.18,0.28,1.84,9.77,12.27
31496,789100,50,10.81,19.7,1.56,0.21,19.6,,,19.0,2007-06-28-C-32NM,3427,-12002,81.8,46.9,81.8,46.8,0.42,0.17,0.69,1.23,3.58,6.09
31526,789832,10,19.08,1.2,0.18,0.0,0.0,,,19.0,2007-06-28-C-32NM,3318,-11838,90.0,37.0,90.0,36.9,0.21,0.31,2.98,0.7,0.47,4.68
31526,789835,39,12.26,8.5,1.01,0.25,11.4,,,16.0,2007-06-28-C-32NM,3318,-11838,90.0,37.0,90.0,36.9,0.16,1.51,13.88,18.76,20.25,54.57
31526,789836,50,11.34,14.6,1.34,0.07,16.9,,,15.0,2007-06-28-C-32NM,3318,-11838,90.0,37.0,90.0,36.9,0.0,0.07,2.05,2.16,6.63,10.91
31528,789891,10,15.37,0.0,0.21,0.11,0.9,,,19.0,2007-06-28-C-32NM,3265,-11948,90.0,53.0,90.0,53.0,0.32,0.43,14.16,22.47,14.22,51.6
31528,789892,19,13.4,1.5,0.57,0.16,5.9,,,18.0,2007-06-28-C-32NM,3265,-11948,90.0,53.0,90.0,53.0,0.0,2.13,13.75,5.44,20.52,41.85
31528,789895,41,9.8,23.2,1.73,0.08,22.9,,,16.0,2007-06-28-C-32NM,3265,-11948,90.0,53.0,90.0,53.0,0.0,0.0,0.07,0.47,0.61,1.15
31530,789955,9,14.14,2.5,0.6,0.18,4.6,,,19.0,2007-06-28-C-32NM,3208,-12064,90.0,70.0,90.0,70.0,0.14,0.0,0.25,0.9,1.78,3.07
31530,789962,59,13.06,4.4,0.67,0.48,5.1,,,14.0,2007-06-28-C-32NM,3208,-12064,90.0,70.0,90.0,70.0,0.0,0.08,0.24,0.57,1.16,2.04
31530,789963,70,12.57,5.7,0.79,0.26,7.4,,,13.0,2007-06-28-C-32NM,3208,-12064,90.0,70.0,90.0,70.0,0.0,0.0,0.03,3.97,3.73,7.74
31532,790019,15,16.73,1.8,0.29,0.01,0.0,,,19.0,2007-06-28-C-32NM,3141,-12200,90.0,90.0,90.0,90.2,0.0,0.0,0.28,0.25,0.0,0.53
31532,790029,85,12.88,4.7,0.68,0.32,4.6,,,13.0,2007-06-28-C-32NM,3141,-12200,90.0,90.0,90.0,90.2,0.0,0.13,0.34,0.0,0.0,0.47
31535,790117,16,17.93,1.5,0.27,0.01,0.0,,,19.0,2007-06-28-C-32NM,3041,-12400,90.0,120.0,90.0,120.1,0.0,0.0,0.1,0.02,0.06,0.18
31535,790123,61,16.09,1.5,0.28,0.01,0.0,,,16.0,2007-06-28-C-32NM,3041,-12400,90.0,120.0,90.0,120.1,0.0,0.12,0.03,0.07,0.0,0.22
31535,790131,125,13.54,2.8,0.44,0.11,2.2,,,10.0,2007-06-28-C-32NM,3041,-12400,90.0,120.0,90.0,120.1,0.0,0.0,0.01,0.06,0.04,0.11
31560,790803,9,14.17,2.7,0.48,0.17,2.3,,,21.0,2007-11-02-C-32NM,3432,-12079,80.0,55.0,80.0,54.9,0.0,0.0,0.33,1.9,1.98,4.22
31560,790808,31,13.69,3.4,0.54,0.23,3.5,,,18.0,2007-11-02-C-32NM,3432,-12079,80.0,55.0,80.0,54.9,0.0,0.0,0.28,0.05,0.04,0.36
31560,790809,41,13.66,3.7,0.56,0.24,3.9,,,17.0,2007-11-02-C-32NM,3432,-12079,80.0,55.0,80.0,54.9,0.0,0.0,0.62,0.33,0.0,0.95
31562,790866,10,17.0,1.6,0.27,0.0,0.2,,,19.0,2007-11-02-C-32NM,3381,-12184,80.0,70.0,80.0,70.0,0.0,0.0,0.17,0.01,0.0,0.18
31562,790869,40,14.27,2.2,0.4,0.07,1.0,,,16.0,2007-11-02-C-32NM,3381,-12184,80.0,70.0,80.0,70.0,0.2,0.04,0.03,0.01,0.01,0.27
31562,790870,50,12.95,2.9,0.49,0.21,1.8,,,15.0,2007-11-02-C-32NM,3381,-12184,80.0,70.0,80.0,70.0,0.0,0.0,0.08,0.23,0.0,0.31
31563,790894,10,16.39,1.2,0.29,0.0,0.1,,,20.0,2007-11-02-C-32NM,3349,-12253,80.0,80.0,80.0,79.9,0.09,0.0,0.15,0.06,0.0,0.3
31563,790897,35,15.2,1.4,0.32,0.01,0.2,,,17.0,2007-11-02-C-32NM,3349,-12253,80.0,80.0,80.0,79.9,0.0,0.0,0.14,0.02,0.0,0.16
31563,790899,50,13.32,2.2,0.42,0.09,0.8,,,15.0,2007-11-02-C-32NM,3349,-12253,80.0,80.0,80.0,79.9,0.11,0.0,0.12,0.06,0.05,0.33
31565,790958,2,14.52,4.7,0.27,0.02,0.1,,,24.0,2007-11-02-C-32NM,3427,-12003,81.8,46.9,81.8,46.9,0.0,0.0,0.89,0.0,0.6,1.48
31565,790959,10,13.76,7.1,0.7,0.46,6.2,,,23.0,2007-11-02-C-32NM,3427,-12003,81.8,46.9,81.8,46.9,0.12,0.07,0.58,0.25,0.0,1.02
31565,790960,20,12.82,9.5,1.01,0.57,11.1,,,22.0,2007-11-02-C-32NM,3427,-12003,81.8,46.9,81.8,46.9,0.0,0.1,0.31,0.02,0.0,0.43
31594,791690,10,17.17,0.6,0.22,0.0,0.1,,,19.0,2007-11-02-C-32NM,3318,-11839,90.0,37.0,90.0,37.0,0.0,0.0,0.2,0.02,0.0,0.22
31594,791691,20,17.18,0.6,0.22,0.0,0.0,,,18.0,2007-11-02-C-32NM,3318,-11839,90.0,37.0,90.0,37.0,0.02,0.0,0.19,0.0,0.0,0.21
31594,791693,40,15.38,2.7,0.55,0.23,3.6,,,16.0,2007-11-02-C-32NM,3318,-11839,90.0,37.0,90.0,37.0,0.01,0.02,0.78,1.52,0.32,2.64
31596,791758,23,14.48,5.0,0.61,0.17,4.6,,,18.0,2007-11-02-C-32NM,3264,-11948,90.0,53.0,90.0,53.0,0.0,0.0,0.18,0.04,0.01,0.23
31598,791818,10,16.58,0.0,0.27,0.0,0.0,,,20.0,2007-11-02-C-32NM,3208,-12064,90.0,70.0,90.0,70.1,0.08,0.0,1.05,0.14,1.97,3.24
31598,791821,30,15.86,0.4,0.4,0.14,1.2,,,17.0,2007-11-02-C-32NM,3208,-12064,90.0,70.0,90.0,70.1,0.0,0.0,0.23,0.21,0.19,0.62
31598,791823,40,15.69,0.5,0.44,0.15,1.9,,,16.0,2007-11-02-C-32NM,3208,-12064,90.0,70.0,90.0,70.1,0.0,0.0,0.38,0.63,0.21,1.22
31600,791882,10,16.57,0.6,0.33,0.0,0.0,,,21.0,2007-11-02-C-32NM,3143,-12200,90.0,90.0,89.9,90.0,0.0,0.0,0.16,0.01,0.0,0.17
31600,791885,21,16.45,0.6,0.36,0.0,0.0,,,18.0,2007-11-02-C-32NM,3143,-12200,90.0,90.0,89.9,90.0,0.0,0.0,0.26,0.41,0.46,1.13
31600,791889,43,15.55,1.0,0.43,0.06,0.4,,,16.0,2007-11-02-C-32NM,3143,-12200,90.0,90.0,89.9,90.0,0.07,0.0,0.55,0.19,0.11,0.91
31603,791980,11,16.87,1.0,0.31,0.0,0.0,,,22.0,2007-11-02-C-32NM,3041,-12400,90.0,120.0,90.0,120.1,0.0,0.03,0.2,0.0,0.0,0.23
31603,791986,48,14.8,1.8,0.33,0.0,0.0,,,16.0,2007-11-02-C-32NM,3041,-12400,90.0,120.0,90.0,120.1,0.0,0.0,0.22,0.04,0.29,0.54
31603,791989,54,14.44,2.0,0.35,0.0,0.0,,,15.0,2007-11-02-C-32NM,3041,-12400,90.0,120.0,90.0,120.1,0.0,0.0,0.01,0.01,0.65,0.68
31633,792786,10,12.62,7.4,0.66,0.12,5.6,0.18,,19.0,2008-01-07-C-31JD,3432,-12080,80.0,55.0,80.0,55.0,0.0,0.0,0.0,0.02,0.04,0.06
31635,792852,10,12.05,4.5,0.5,0.08,2.2,0.0,,19.0,2008-01-07-C-31JD,3382,-12184,80.0,70.0,80.0,70.0,0.0,0.0,0.02,0.23,0.0,0.25
31635,792854,30,11.71,5.4,0.61,0.15,3.9,0.04,,17.0,2008-01-07-C-31JD,3382,-12184,80.0,70.0,80.0,70.0,0.25,0.0,0.04,0.11,0.03,0.42
31635,792858,68,11.23,9.2,0.93,0.36,9.4,0.0,,13.0,2008-01-07-C-31JD,3382,-12184,80.0,70.0,80.0,70.0,0.0,0.0,0.0,0.12,0.0,0.12
31636,792882,12,13.52,2.0,0.36,0.01,0.0,0.0,,21.0,2008-01-07-C-31JD,3348,-12254,80.0,80.0,80.0,80.1,0.0,0.0,0.0,0.05,0.0,0.05
31636,792886,36,12.25,3.6,0.51,0.08,2.0,0.09,,18.0,2008-01-07-C-31JD,3348,-12254,80.0,80.0,80.0,80.1,0.0,0.0,0.0,0.05,0.09,0.14
31636,792892,81,11.33,5.9,0.73,0.17,5.6,0.06,,13.0,2008-01-07-C-31JD,3348,-12254,80.0,80.0,80.0,80.1,0.0,0.0,0.17,0.04,0.0,0.21
31638,792944,9,13.69,2.5,0.36,0.01,0.1,0.09,,19.0,2008-01-07-C-31JD,3282,-12390,80.0,100.0,80.0,99.9,0.0,0.0,0.0,0.0,0.1,0.1
31638,792948,40,13.7,2.3,0.36,0.01,0.1,0.09,,16.0,2008-01-07-C-31JD,3282,-12390,80.0,100.0,80.0,99.9,0.0,0.0,0.0,0.04,0.03,0.08
31638,792953,84,13.22,2.9,0.48,0.09,1.5,0.25,,12.0,2008-01-07-C-31JD,3282,-12390,80.0,100.0,80.0,99.9,0.01,0.0,0.13,0.42,0.11,0.67
31639,792975,10,12.77,6.9,0.69,0.14,6.0,0.1,,23.0,2008-01-07-C-31JD,3428,-12003,81.8,46.9,81.8,46.9,0.0,0.0,0.49,0.21,1.99,2.7
31639,792978,30,12.32,9.6,0.91,0.16,9.1,0.19,,21.0,2008-01-07-C-31JD,3428,-12003,81.8,46.9,81.8,46.9,0.0,0.0,0.0,0.1,0.16,0.26
31639,792984,85,9.75,26.8,1.97,0.01,25.1,0.0,,16.0,2008-01-07-C-31JD,3428,-12003,81.8,46.9,81.8,46.9,0.0,0.0,0.0,0.01,0.0,0.01
31670,793723,10,14.05,2.1,0.37,0.01,0.0,0.01,,20.0,2008-01-07-C-31JD,3319,-11838,90.0,37.0,90.0,37.0,0.0,0.0,0.0,0.25,1.63,1.88
31670,793724,16,14.04,2.2,0.37,0.03,0.0,0.01,,19.0,2008-01-07-C-31JD,3319,-11838,90.0,37.0,90.0,37.0,0.0,0.0,0.02,0.14,0.35,0.51
31670,793727,41,13.11,6.3,0.8,0.21,7.2,0.0,,16.0,2008-01-07-C-31JD,3319,-11838,90.0,37.0,90.0,37.0,0.0,0.0,0.24,0.21,0.54,0.99
31672,793787,10,14.11,2.2,0.36,0.04,0.6,0.05,,19.0,2008-01-07-C-31JD,3265,-11948,90.0,53.0,90.0,53.0,0.29,0.0,0.09,0.06,0.12,0.57
31672,793788,20,14.1,2.2,0.37,0.04,0.6,0.05,,18.0,2008-01-07-C-31JD,3265,-11948,90.0,53.0,90.0,53.0,0.03,0.03,0.43,0.1,0.39,0.98
31672,793790,40,13.95,2.5,0.41,0.08,1.2,0.13,,16.0,2008-01-07-C-31JD,3265,-11948,90.0,53.0,90.0,53.0,0.0,0.0,0.83,0.3,0.37,1.5
31674,793849,10,13.59,3.4,0.49,0.11,2.3,0.02,,19.0,2008-01-07-C-31JD,3208,-12064,90.0,70.0,90.0,70.0,0.0,0.0,0.26,1.32,0.25,1.83
31674,793851,30,13.56,3.5,0.5,0.11,2.4,0.05,,17.0,2008-01-07-C-31JD,3208,-12064,90.0,70.0,90.0,70.0,0.07,0.0,0.16,0.13,0.74,1.11
31674,793853,50,13.22,4.5,0.67,0.21,4.1,0.24,,15.0,2008-01-07-C-31JD,3208,-12064,90.0,70.0,90.0,70.0,0.0,0.0,0.18,0.12,0.15,0.45
31676,793910,9,14.74,1.8,0.32,0.01,0.3,0.01,,20.0,2008-01-07-C-31JD,3141,-12198,90.0,90.0,90.0,90.0,0.04,0.0,0.3,0.24,1.22,1.79
31676,793915,49,13.67,2.6,0.44,0.04,1.8,0.04,,16.0,2008-01-07-C-31JD,3141,-12198,90.0,90.0,90.0,90.0,0.0,0.0,0.01,0.04,0.02,0.07
31676,793920,85,12.59,5.5,0.71,0.16,6.6,0.04,,13.0,2008-01-07-C-31JD,3141,-12198,90.0,90.0,90.0,90.0,0.07,0.0,0.08,0.06,0.13,0.34
31679,794005,10,14.25,2.1,0.34,0.01,0.1,0.01,,19.0,2008-01-07-C-31JD,3041,-12400,90.0,120.0,90.0,120.1,0.0,0.1,0.0,0.06,0.23,0.39
31679,794007,30,14.25,2.1,0.34,0.01,0.1,0.01,,17.0,2008-01-07-C-31JD,3041,-12400,90.0,120.0,90.0,120.1,0.0,0.0,0.19,0.6,0.04,0.82
31679,794009,50,14.05,2.1,0.41,0.06,0.7,0.12,,15.0,2008-01-07-C-31JD,3041,-12400,90.0,120.0,90.0,120.1,0.0,0.0,0.01,0.14,0.77,0.92
31719,795081,10,10.63,18.9,1.51,0.21,18.0,0.4,,19.0,2008-03-24-C-31JD,3431,-12080,80.0,55.0,80.0,55.0,0.0,0.0,0.83,15.8,11.07,27.7
31719,795084,30,10.63,18.8,1.52,0.21,17.9,0.38,,17.0,2008-03-24-C-31JD,3431,-12080,80.0,55.0,80.0,55.0,0.07,0.1,1.14,15.12,12.78,29.2
31719,795088,61,10.28,22.2,1.73,0.23,20.7,0.62,,14.0,2008-03-24-C-31JD,3431,-12080,80.0,55.0,80.0,55.0,0.12,0.0,2.0,3.7,18.53,24.36
31721,795143,10,12.5,4.3,0.48,0.06,1.4,0.06,,20.0,2008-03-24-C-31JD,3382,-12186,80.0,70.0,80.0,70.1,0.0,0.0,0.09,0.91,0.13,1.13
31721,795148,50,12.37,4.7,0.54,0.08,2.3,0.21,,15.0,2008-03-24-C-31JD,3382,-12186,80.0,70.0,80.0,70.1,0.06,0.0,0.01,1.07,0.0,1.14
31721,795150,71,11.67,5.7,0.67,0.17,4.1,0.37,,13.0,2008-03-24-C-31JD,3382,-12186,80.0,70.0,80.0,70.1,0.01,0.0,0.01,0.03,0.02,0.07
31722,795174,10,12.44,4.3,0.48,0.06,1.7,0.05,,19.0,2008-03-24-C-31JD,3349,-12253,80.0,80.0,80.0,79.9,0.0,0.0,0.7,0.29,2.52,3.52
31722,795176,26,12.44,4.3,0.48,0.06,1.8,0.05,,18.0,2008-03-24-C-31JD,3349,-12253,80.0,80.0,80.0,79.9,0.05,0.0,0.34,1.24,0.0,1.63
31722,795181,61,12.04,5.2,0.58,0.13,3.1,0.38,,15.0,2008-03-24-C-31JD,3349,-12253,80.0,80.0,80.0,79.9,0.0,0.0,0.28,0.17,0.0,0.45
31723,795204,2,11.54,4.5,0.76,0.19,9.4,0.05,,24.0,2008-03-24-C-31JD,3428,-12003,81.8,46.9,81.8,46.9,0.0,0.0,2.94,43.68,41.08,87.71
31723,795206,11,11.08,9.1,0.99,0.19,12.2,0.07,,23.0,2008-03-24-C-31JD,3428,-12003,81.8,46.9,81.8,46.9,0.0,0.0,8.94,35.61,90.27,134.82
31723,795208,21,9.41,32.3,2.2,0.1,26.8,0.06,,22.0,2008-03-24-C-31JD,3428,-12003,81.8,46.9,81.8,46.9,0.0,0.0,3.52,9.01,16.56,29.1
31749,795941,10,14.18,1.4,0.31,0.02,0.6,0.02,,19.0,2008-03-24-C-31JD,3319,-11838,90.0,37.0,90.0,36.9,0.0,0.17,0.14,1.04,1.8,3.15
31749,795942,20,14.11,1.5,0.32,0.02,0.8,0.03,,18.0,2008-03-24-C-31JD,3319,-11838,90.0,37.0,90.0,36.9,0.0,0.95,1.3,2.48,2.54,7.26
31749,795943,30,12.49,8.4,0.9,0.31,8.7,0.18,,17.0,2008-03-24-C-31JD,3319,-11838,90.0,37.0,90.0,36.9,0.0,0.0,0.43,0.26,1.81,2.5
31751,796003,10,12.63,3.2,0.75,0.14,6.3,0.51,,19.0,2008-03-24-C-31JD,3265,-11948,90.0,53.0,90.0,53.0,0.0,0.2,6.98,2.69,6.94,16.81
31751,796005,25,12.63,3.3,0.76,0.14,6.4,0.47,,18.0,2008-03-24-C-31JD,3265,-11948,90.0,53.0,90.0,53.0,0.0,0.0,8.31,0.86,14.26,23.44
31751,796009,62,11.77,8.3,1.02,0.15,10.2,0.95,,15.0,2008-03-24-C-31JD,3265,-11948,90.0,53.0,90.0,53.0,0.0,0.0,6.76,9.04,22.94,38.74
31753,796068,10,13.31,4.3,0.48,0.07,2.5,0.08,,19.0,2008-03-24-C-31JD,3209,-12064,90.0,70.0,90.0,70.0,0.0,0.0,0.38,0.05,0.0,0.43
31753,796071,31,13.33,4.2,0.47,0.07,2.5,0.07,,17.0,2008-03-24-C-31JD,3209,-12064,90.0,70.0,90.0,70.0,0.0,0.0,0.33,2.48,0.59,3.4
31753,796073,50,13.37,4.1,0.51,0.09,2.9,0.21,,15.0,2008-03-24-C-31JD,3209,-12064,90.0,70.0,90.0,70.0,0.0,0.15,0.07,1.01,0.02,1.25
31755,796132,10,13.28,2.7,0.4,0.03,0.5,0.0,,19.0,2008-03-24-C-31JD,3141,-12199,90.0,90.0,90.0,90.0,0.0,0.0,0.39,1.05,2.99,4.44
31755,796136,50,12.36,3.9,0.48,0.07,1.7,0.08,,15.0,2008-03-24-C-31JD,3141,-12199,90.0,90.0,90.0,90.0,0.0,0.0,0.21,0.0,0.0,0.21
31755,796138,70,12.18,5.0,0.57,0.12,2.9,0.35,,13.0,2008-03-24-C-31JD,3141,-12199,90.0,90.0,90.0,90.0,0.0,0.0,0.11,0.08,0.09,0.28
31758,796224,10,13.78,2.4,0.35,0.0,0.0,0.0,,19.0,2008-03-24-C-31JD,3042,-12400,90.0,120.0,90.0,120.0,0.01,0.0,0.11,2.51,5.76,8.39
31758,796232,71,13.46,2.4,0.38,0.01,0.1,0.09,,13.0,2008-03-24-C-31JD,3042,-12400,90.0,120.0,90.0,120.0,0.0,0.0,0.0,0.0,2.29,2.29
31758,796236,102,12.31,4.4,0.6,0.34,3.2,0.1,,11.0,2008-03-24-C-31JD,3042,-12400,90.0,120.0,90.0,120.0,0.0,0.0,0.03,0.0,0.0,0.03
31785,796975,10,16.18,2.9,0.43,0.06,1.3,0.64,,19.0,2008-08-14-C-32NM,3432,-12081,80.0,55.0,80.0,55.1,0.0,0.0,0.85,1.28,2.94,5.07
31785,796977,19,16.16,2.8,0.41,0.06,1.2,0.74,,18.0,2008-08-14-C-32NM,3432,-12081,80.0,55.0,80.0,55.1,0.0,0.0,1.71,1.9,3.81,7.42
31787,797040,10,16.34,2.4,0.36,0.02,0.1,0.32,,20.0,2008-08-14-C-32NM,3382,-12184,80.0,70.0,80.0,70.0,0.0,0.0,0.02,0.15,0.12,0.29
31787,797044,35,15.78,1.9,0.42,0.09,0.6,0.73,,17.0,2008-08-14-C-32NM,3382,-12184,80.0,70.0,80.0,70.0,0.0,0.0,0.1,0.75,0.13,0.97
31787,797046,49,12.56,5.5,0.8,0.46,5.5,0.59,,15.0,2008-08-14-C-32NM,3382,-12184,80.0,70.0,80.0,70.0,0.0,0.0,0.01,0.38,0.26,0.64
31788,797074,9,17.12,1.7,0.32,0.0,0.0,0.04,,20.0,2008-08-14-C-32NM,3350,-12257,80.0,80.0,79.9,80.3,0.0,0.0,0.0,0.0,0.28,0.28
31788,797080,36,16.11,2.0,0.34,0.02,0.1,0.26,,17.0,2008-08-14-C-32NM,3350,-12257,80.0,80.0,79.9,80.3,0.0,0.11,0.44,1.47,5.51,7.52
31788,797082,48,14.44,5.6,0.69,0.43,4.1,0.71,,15.0,2008-08-14-C-32NM,3350,-12257,80.0,80.0,79.9,80.3,0.0,0.0,0.72,0.13,0.11,0.96
31790,797143,9,17.33,1.8,0.35,0.0,0.0,0.13,,19.0,2008-08-14-C-32NM,3282,-12391,80.0,100.0,80.0,100.0,0.0,0.0,0.0,0.0,0.0,0.0
31790,797149,40,16.98,1.2,0.37,0.01,0.2,0.35,,17.0,2008-08-14-C-32NM,3282,-12391,80.0,100.0,80.0,100.0,0.17,0.0,0.03,0.36,0.19,0.75
31790,797150,50,15.16,2.3,0.38,0.0,0.0,0.3,,16.0,2008-08-14-C-32NM,3282,-12391,80.0,100.0,80.0,100.0,0.0,0.0,0.0,0.0,0.02,0.02
31791,797176,10,17.94,3.5,0.23,0.0,0.0,0.0,,23.0,2008-08-14-C-32NM,3428,-12003,81.8,46.9,81.8,47.0,0.0,0.0,0.0,0.0,0.0,0.0
31791,797177,19,15.21,4.9,0.45,0.07,0.9,0.0,,22.0,2008-08-14-C-32NM,3428,-12003,81.8,46.9,81.8,47.0,0.0,0.07,0.15,0.14,0.0,0.36
31818,797944,10,19.8,2.4,0.22,0.0,0.0,0.15,,20.0,2008-08-14-C-32NM,3319,-11838,90.0,37.0,90.0,37.0,0.0,0.0,0.16,0.15,0.05,0.36
31818,797946,30,14.16,4.7,0.41,0.03,0.5,0.23,,17.0,2008-08-14-C-32NM,3319,-11838,90.0,37.0,90.0,37.0,0.0,0.76,0.03,0.42,2.23,3.44
31818,797949,49,12.29,9.0,0.97,0.18,9.5,0.0,,15.0,2008-08-14-C-32NM,3319,-11838,90.0,37.0,90.0,37.0,0.0,0.0,0.23,0.41,2.05,2.7
31820,798006,11,19.27,1.9,0.27,0.0,0.0,0.27,,19.0,2008-08-14-C-32NM,3265,-11950,90.0,53.0,90.0,53.1,0.0,0.0,0.1,0.01,0.06,0.17
31820,798012,41,13.8,2.8,0.57,0.1,3.0,0.43,,16.0,2008-08-14-C-32NM,3265,-11950,90.0,53.0,90.0,53.1,0.0,0.0,1.97,3.55,19.67,25.19
31820,798013,50,12.76,8.6,1.06,0.45,10.4,0.47,,15.0,2008-08-14-C-32NM,3265,-11950,90.0,53.0,90.0,53.1,0.0,0.0,0.08,0.97,0.92,1.97
31822,798073,9,17.8,2.3,0.31,0.0,0.0,0.0,,21.0,2008-08-14-C-32NM,3208,-12068,90.0,70.0,89.9,70.5,0.0,0.0,0.06,0.05,0.71,0.82
31822,798078,28,16.23,2.2,0.35,0.02,0.1,0.14,,18.0,2008-08-14-C-32NM,3208,-12068,90.0,70.0,89.9,70.5,0.0,0.0,0.27,0.13,0.0,0.39
31822,798081,38,13.46,6.3,0.88,0.37,7.2,1.01,,17.0,2008-08-14-C-32NM,3208,-12068,90.0,70.0,89.9,70.5,0.0,0.0,0.01,0.02,0.48,0.51
31824,798142,10,16.85,0.0,0.28,0.0,0.0,0.01,,19.0,2008-08-14-C-32NM,3142,-12199,90.0,90.0,90.0,90.0,0.0,0.0,0.0,0.05,0.35,0.4
31824,798144,30,15.36,1.2,0.38,0.01,0.1,0.22,,17.0,2008-08-14-C-32NM,3142,-12199,90.0,90.0,90.0,90.0,0.0,0.0,0.16,0.0,1.62,1.78
31824,798146,49,12.75,4.6,0.63,0.3,3.1,0.38,,15.0,2008-08-14-C-32NM,3142,-12199,90.0,90.0,90.0,90.0,0.0,0.0,0.19,0.06,0.25,0.5
31827,798236,10,18.78,2.9,0.33,0.0,0.0,0.17,,20.0,2008-08-14-C-32NM,3042,-12400,90.0,120.0,90.0,120.0,0.22,0.0,0.0,1.14,0.0,1.36
31827,798241,40,16.93,1.9,0.44,0.04,1.2,0.58,,16.0,2008-08-14-C-32NM,3042,-12400,90.0,120.0,90.0,120.0,0.0,0.0,0.01,0.09,0.13,0.22
31827,798244,51,13.95,2.3,0.8,0.18,6.4,1.24,,15.0,2008-08-14-C-32NM,3042,-12400,90.0,120.0,90.0,120.0,0.0,0.66,0.0,0.1,0.0,0.77
31855,798979,11,15.15,4.9,0.4,0.04,0.6,0.06,,19.0,2008-10-14-C-32NM,3432,-12081,80.0,55.0,80.0,55.1,0.0,0.0,4.99,1.26,1.23,7.48
31855,798982,21,14.77,5.7,0.48,0.09,1.6,0.16,,18.0,2008-10-14-C-32NM,3432,-12081,80.0,55.0,80.0,55.1,0.0,0.0,1.19,0.8,0.45,2.44
31855,798985,41,14.09,7.2,0.72,0.22,4.0,0.86,,16.0,2008-10-14-C-32NM,3432,-12081,80.0,55.0,80.0,55.1,0.0,0.0,7.46,3.57,1.68,12.7
31857,799046,10,15.88,0.3,0.29,0.0,0.0,0.02,,19.0,2008-10-14-C-32NM,3348,-12254,80.0,80.0,80.0,80.1,0.0,0.0,4.43,1.49,3.7,9.62
31857,799050,31,14.61,1.0,0.51,0.1,2.5,0.29,,17.0,2008-10-14-C-32NM,3348,-12254,80.0,80.0,80.0,80.1,0.0,0.4,8.0,5.76,5.33,19.49
31857,799051,40,13.51,5.9,0.84,0.49,6.7,0.32,,16.0,2008-10-14-C-32NM,3348,-12254,80.0,80.0,80.0,80.1,0.0,0.05,3.76,8.11,2.25,14.18
31859,799111,20,17.45,2.4,0.31,0.0,0.0,0.05,,23.0,2008-10-14-C-32NM,3282,-12391,80.0,100.0,80.0,100.0,0.0,0.0,0.0,0.0,0.0,0.0
31859,799115,50,16.51,1.4,0.34,0.0,0.0,0.06,,20.0,2008-10-14-C-32NM,3282,-12391,80.0,100.0,80.0,100.0,0.0,0.0,0.0,0.01,0.0,0.01
31859,799116,58,15.85,1.6,0.37,0.0,0.1,0.08,,19.0,2008-10-14-C-32NM,3282,-12391,80.0,100.0,80.0,100.0,0.0,0.0,0.07,0.15,0.97,1.19
31860,799142,10,16.05,0.2,0.29,0.0,0.0,0.01,,19.0,2008-10-14-C-32NM,3382,-12185,80.0,70.0,80.0,70.0,0.2,3.39,0.64,0.53,0.45,5.21
31860,799145,40,14.92,0.7,0.41,0.06,1.5,0.26,,16.0,2008-10-14-C-32NM,3382,-12185,80.0,70.0,80.0,70.0,0.0,0.0,11.33,1.7,16.13,29.17
31860,799146,49,13.21,6.2,0.78,0.31,6.2,0.43,,15.0,2008-10-14-C-32NM,3382,-12185,80.0,70.0,80.0,70.0,0.0,0.0,0.28,0.47,0.04,0.79
31862,799177,10,16.46,2.2,0.28,0.0,0.0,0.04,,23.0,2008-10-14-C-32NM,3428,-12003,81.8,46.9,81.8,46.9,0.0,0.0,0.29,0.05,0.24,0.58
31862,799178,20,15.39,3.4,0.47,0.22,1.7,0.23,,22.0,2008-10-14-C-32NM,3428,-12003,81.8,46.9,81.8,46.9,0.0,0.0,0.39,0.68,0.07,1.14
31862,799179,29,14.59,5.1,0.65,0.44,4.3,0.34,,21.0,2008-10-14-C-32NM,3428,-12003,81.8,46.9,81.8,46.9,0.0,0.0,0.78,0.21,2.25,3.23
31892,799926,10,18.11,1.3,0.29,0.0,0.0,0.07,,20.0,2008-10-14-C-32NM,3318,-11839,90.0,37.0,90.0,37.1,0.0,0.0,1.11,0.11,1.92,3.13
31892,799928,30,17.25,1.1,0.31,0.0,0.0,0.05,,18.0,2008-10-14-C-32NM,3318,-11839,90.0,37.0,90.0,37.1,0.0,0.0,0.16,0.23,4.12,4.52
31892,799929,36,16.64,1.1,0.34,0.01,0.2,0.05,,17.0,2008-10-14-C-32NM,3318,-11839,90.0,37.0,90.0,37.1,0.0,0.02,5.21,2.42,6.57,14.22
31894,799986,10,16.47,0.1,0.28,0.0,0.0,0.05,,19.0,2008-10-14-C-32NM,3265,-11949,90.0,53.0,90.0,53.1,0.0,6.32,34.72,15.88,6.91,63.83
31894,799987,20,16.11,1.0,0.34,0.02,0.5,0.07,,18.0,2008-10-14-C-32NM,3265,-11949,90.0,53.0,90.0,53.1,0.0,0.0,40.67,22.19,9.41,72.27
31894,799989,40,14.51,4.8,0.65,0.15,4.8,0.16,,16.0,2008-10-14-C-32NM,3265,-11949,90.0,53.0,90.0,53.1,0.0,2.5,16.2,1.14,1.71,21.55
31896,800052,10,18.05,1.5,0.32,0.0,0.0,0.04,,19.0,2008-10-14-C-32NM,3208,-12064,90.0,70.0,90.0,70.0,0.0,0.0,0.02,0.01,0.03,0.06
31896,800057,50,15.91,1.6,0.37,0.02,0.2,0.04,,16.0,2008-10-14-C-32NM,3208,-12064,90.0,70.0,90.0,70.0,0.0,0.0,0.36,0.11,0.34,0.81
31896,800058,62,13.49,3.3,0.56,0.31,2.0,0.27,,15.0,2008-10-14-C-32NM,3208,-12064,90.0,70.0,90.0,70.0,0.0,0.0,0.04,0.07,0.25,0.36
31898,800114,10,17.24,0.2,0.25,0.0,0.0,0.02,,19.0,2008-10-14-C-32NM,3142,-12199,90.0,90.0,90.0,90.0,0.0,0.0,2.78,0.48,1.01,4.27
31898,800118,41,16.81,0.7,0.28,0.0,0.0,0.05,,16.0,2008-10-14-C-32NM,3142,-12199,90.0,90.0,90.0,90.0,0.0,1.64,14.29,4.7,3.14,23.77
31898,800122,69,11.64,11.2,1.16,0.05,13.2,0.02,,13.0,2008-10-14-C-32NM,3142,-12199,90.0,90.0,90.0,90.0,0.0,0.0,1.1,1.51,0.24,2.84
31901,800212,10,18.32,2.1,0.33,0.0,0.0,0.03,,19.0,2008-10-14-C-32NM,3042,-12400,90.0,120.0,90.0,120.0,0.0,0.0,0.0,0.0,0.0,0.0
31901,800216,40,18.11,2.1,0.32,0.0,0.0,0.04,,17.0,2008-10-14-C-32NM,3042,-12400,90.0,120.0,90.0,120.0,0.0,0.0,0.0,0.01,0.0,0.01
31901,800219,75,13.47,2.8,0.33,0.0,0.0,0.03,,14.0,2008-10-14-C-32NM,3042,-12400,90.0,120.0,90.0,120.0,0.0,0.0,0.0,0.11,0.11,0.22
31928,800958,10,13.18,5.1,0.48,0.09,1.5,0.02,,19.0,2009-01-08-C-32NM,3432,-12080,80.0,55.0,80.0,55.0,0.0,0.0,0.03,0.23,0.43,0.69
31928,800960,20,13.0,6.2,0.57,0.13,2.8,0.04,,18.0,2009-01-08-C-32NM,3432,-12080,80.0,55.0,80.0,55.0,0.0,0.0,0.76,0.34,0.35,1.45
31928,800961,30,12.66,8.2,0.77,0.23,5.5,0.27,,17.0,2009-01-08-C-32NM,3432,-12080,80.0,55.0,80.0,55.0,0.0,0.0,0.26,0.16,0.35,0.77
31930,801017,9,12.88,4.6,0.53,0.07,2.5,0.05,,19.0,2009-01-08-C-32NM,3381,-12186,80.0,70.0,80.0,70.3,0.0,0.0,0.07,0.2,0.03,0.29
31930,801019,19,11.84,5.7,0.7,0.13,4.8,0.03,,18.0,2009-01-08-C-32NM,3381,-12186,80.0,70.0,80.0,70.3,0.0,0.0,0.07,0.24,0.02,0.33
31930,801022,31,11.88,6.5,0.77,0.32,6.1,0.03,,17.0,2009-01-08-C-32NM,3381,-12186,80.0,70.0,80.0,70.3,0.0,0.0,0.1,0.14,0.52,0.76
31931,801048,10,13.21,3.3,0.45,0.06,1.2,0.03,,19.0,2009-01-08-C-32NM,3349,-12253,80.0,80.0,80.0,80.0,0.0,0.0,0.08,0.12,0.06,0.26
31931,801049,20,12.7,3.8,0.57,0.21,2.7,0.04,,18.0,2009-01-08-C-32NM,3349,-12253,80.0,80.0,80.0,80.0,0.0,0.19,0.32,0.13,0.14,0.78
31931,801050,30,11.79,5.0,0.73,0.07,5.1,0.03,,17.0,2009-01-08-C-32NM,3349,-12253,80.0,80.0,80.0,80.0,0.0,0.0,0.0,0.08,0.0,0.08
31933,801110,10,14.17,2.5,0.38,0.02,0.1,0.02,,19.0,2009-01-08-C-32NM,3282,-12391,80.0,100.0,80.0,100.0,0.0,0.0,0.06,0.04,0.05,0.15
31933,801111,20,13.76,2.9,0.39,0.02,0.2,0.05,,18.0,2009-01-08-C-32NM,3282,-12391,80.0,100.0,80.0,100.0,0.0,0.0,0.05,0.1,0.4,0.55
31933,801112,30,13.62,3.1,0.4,0.03,0.2,0.12,,17.0,2009-01-08-C-32NM,3282,-12391,80.0,100.0,80.0,100.0,0.0,0.55,0.02,0.21,0.07,0.86
31935,801146,6,13.13,5.7,0.53,0.12,2.5,0.06,,23.0,2009-01-08-C-32NM,3429,-12003,81.8,46.9,81.7,46.8,-999.0,-999.0,0.97,0.03,0.48,-999.0
31935,801148,15,13.08,5.9,0.57,0.15,3.1,0.08,,22.0,2009-01-08-C-32NM,3429,-12003,81.8,46.9,81.7,46.8,0.0,0.0,0.26,0.1,0.14,0.5
31935,801150,22,12.88,6.4,0.66,0.25,4.4,0.12,,21.0,2009-01-08-C-32NM,3429,-12003,81.8,46.9,81.7,46.8,0.0,0.0,1.91,0.92,0.11,2.94
31966,801896,10,14.28,3.7,0.34,0.0,0.1,0.0,,19.0,2009-01-08-C-32NM,3319,-11840,90.0,37.0,89.9,37.1,0.0,0.0,1.45,0.71,1.39,3.55
31966,801899,23,14.16,3.7,0.35,0.01,0.1,0.06,,17.0,2009-01-08-C-32NM,3319,-11840,90.0,37.0,89.9,37.1,0.0,0.15,0.29,0.98,0.64,2.06
31966,801901,35,13.99,4.6,0.48,0.1,1.6,0.1,,16.0,2009-01-08-C-32NM,3319,-11840,90.0,37.0,89.9,37.1,0.04,0.0,0.35,1.09,1.1,2.57
31968,801960,11,13.77,3.3,0.43,0.05,1.0,0.03,,19.0,2009-01-08-C-32NM,3265,-11948,90.0,53.0,90.0,53.0,0.0,0.07,0.33,1.08,1.48,2.97
31968,801964,31,12.91,4.5,0.56,0.15,2.9,0.1,,17.0,2009-01-08-C-32NM,3265,-11948,90.0,53.0,90.0,53.0,0.0,0.0,0.35,0.36,0.22,0.94
31968,801965,40,12.84,4.9,0.59,0.17,3.3,0.19,,16.0,2009-01-08-C-32NM,3265,-11948,90.0,53.0,90.0,53.0,0.0,0.0,0.53,0.45,0.29,1.28
31970,802025,12,14.62,2.3,0.38,0.01,0.1,0.02,,20.0,2009-01-08-C-32NM,3208,-12064,90.0,70.0,90.0,70.0,0.0,0.0,0.34,0.45,1.43,2.22
31970,802030,43,14.61,2.3,0.38,0.01,0.1,0.01,,16.0,2009-01-08-C-32NM,3208,-12064,90.0,70.0,90.0,70.0,0.0,0.0,0.14,0.09,0.09,0.32
31970,802033,59,14.57,2.2,0.41,0.03,0.2,0.05,,14.0,2009-01-08-C-32NM,3208,-12064,90.0,70.0,90.0,70.0,0.0,0.0,0.28,0.01,0.18,0.48
31972,802085,10,14.75,2.2,0.37,0.0,0.0,0.0,,19.0,2009-01-08-C-32NM,3142,-12199,90.0,90.0,90.0,90.0,0.0,0.0,0.27,0.06,0.18,0.51
31972,802087,30,13.78,2.9,0.44,0.11,0.8,0.02,,17.0,2009-01-08-C-32NM,3142,-12199,90.0,90.0,90.0,90.0,0.0,0.0,0.01,1.06,1.13,2.2
31972,802088,40,13.83,2.9,0.44,0.07,0.7,0.16,,16.0,2009-01-08-C-32NM,3142,-12199,90.0,90.0,90.0,90.0,0.0,0.14,0.1,0.0,0.0,0.24
31975,802179,10,15.76,2.4,0.36,0.0,0.0,0.05,,19.0,2009-01-08-C-32NM,3042,-12400,90.0,120.0,90.0,120.0,0.0,0.0,0.1,0.0,0.0,0.1
31975,802185,62,15.76,2.1,0.35,0.0,0.0,0.0,,15.0,2009-01-08-C-32NM,3042,-12400,90.0,120.0,90.0,120.0,0.0,0.0,0.15,0.64,0.0,0.79
31975,802189,99,13.12,3.5,0.49,0.13,1.6,0.05,,12.0,2009-01-08-C-32NM,3042,-12400,90.0,120.0,90.0,120.0,0.0,0.0,0.01,0.01,0.01,0.03
32000,802864,10,12.7,2.9,0.52,0.16,3.1,0.19,,19.0,2009-03-08-C-31JD,3432,-12080,80.0,55.0,80.0,54.9,0.0,0.14,1.14,3.44,1.25,5.96
32000,802869,31,12.35,7.8,0.7,0.17,5.3,0.12,,17.0,2009-03-08-C-31JD,3432,-12080,80.0,55.0,80.0,54.9,0.0,0.14,1.12,0.46,0.6,2.33
32000,802870,41,12.11,10.6,0.83,0.19,7.0,0.08,,16.0,2009-03-08-C-31JD,3432,-12080,80.0,55.0,80.0,54.9,0.0,0.09,0.48,0.37,0.26,1.2
32002,802931,12,13.05,3.1,0.39,0.04,0.2,0.18,,20.0,2009-03-08-C-31JD,3382,-12184,80.0,70.0,80.0,70.0,0.34,0.62,0.16,0.09,0.57,1.79
32002,802939,55,12.46,3.9,0.49,0.11,0.7,0.38,,15.0,2009-03-08-C-31JD,3382,-12184,80.0,70.0,80.0,70.0,0.2,0.26,0.39,0.06,0.0,0.91
32002,802940,64,11.72,6.2,0.7,0.3,3.3,0.23,,14.0,2009-03-08-C-31JD,3382,-12184,80.0,70.0,80.0,70.0,0.0,0.0,0.14,0.0,0.0,0.14
32003,802965,11,13.42,2.4,0.36,0.0,0.0,0.05,,19.0,2009-03-08-C-31JD,3348,-12253,80.0,80.0,80.0,80.0,0.0,0.0,0.09,1.73,0.5,2.32
32003,802969,40,13.4,2.4,0.36,0.0,0.0,0.0,,17.0,2009-03-08-C-31JD,3348,-12253,80.0,80.0,80.0,80.0,0.0,0.0,0.12,0.97,0.31,1.4
32003,802971,61,13.33,2.4,0.36,0.0,0.0,0.01,,15.0,2009-03-08-C-31JD,3348,-12253,80.0,80.0,80.0,80.0,0.0,0.0,0.23,0.08,0.08,0.39
32005,803026,20,14.02,2.4,0.33,0.0,0.0,0.02,,20.0,2009-03-08-C-31JD,3282,-12391,80.0,100.0,80.0,100.0,0.05,0.0,0.07,0.0,0.0,0.12
32005,803028,40,13.98,2.3,0.33,0.0,0.0,0.05,,18.0,2009-03-08-C-31JD,3282,-12391,80.0,100.0,80.0,100.0,0.0,0.0,0.29,0.0,0.0,0.29
32005,803030,51,13.52,2.7,0.38,0.07,0.3,0.17,,17.0,2009-03-08-C-31JD,3282,-12391,80.0,100.0,80.0,100.0,0.0,0.0,-999.0,-999.0,-999.0,-999.0
32007,803067,10,12.23,0.4,0.52,0.07,0.8,0.34,,23.0,2009-03-08-C-31JD,3428,-12002,81.8,46.9,81.8,46.9,0.36,0.0,45.15,12.95,86.78,145.24
32007,803069,21,10.97,18.1,1.44,0.19,14.4,0.64,,22.0,2009-03-08-C-31JD,3428,-12002,81.8,46.9,81.8,46.9,0.0,0.0,2.09,0.32,0.07,2.48
32007,803071,31,10.56,22.2,1.63,0.22,18.4,0.05,,21.0,2009-03-08-C-31JD,3428,-12002,81.8,46.9,81.8,46.9,0.0,0.0,0.17,0.03,0.01,0.21
32037,803833,11,14.37,2.5,0.28,0.0,0.0,0.01,,19.0,2009-03-08-C-31JD,3319,-11839,90.0,37.0,90.0,37.0,0.24,0.0,0.36,0.01,0.0,0.6
32037,803835,21,14.29,2.6,0.29,0.0,0.0,0.07,,18.0,2009-03-08-C-31JD,3319,-11839,90.0,37.0,90.0,37.0,0.34,0.0,0.29,0.0,0.0,0.64
32037,803838,41,12.25,10.7,1.05,0.07,10.5,0.06,,16.0,2009-03-08-C-31JD,3319,-11839,90.0,37.0,90.0,37.0,0.0,0.0,0.13,0.13,0.0,0.26
32039,803901,10,14.17,3.2,0.33,0.0,0.0,0.08,,19.0,2009-03-08-C-31JD,3265,-11948,90.0,53.0,90.0,53.0,0.0,0.07,0.27,0.0,0.0,0.34
32039,803904,40,14.16,3.2,0.33,0.02,0.0,0.16,,16.0,2009-03-08-C-31JD,3265,-11948,90.0,53.0,90.0,53.0,0.06,0.31,0.15,0.0,0.02,0.53
32039,803906,60,12.18,8.0,0.87,0.05,7.8,0.13,,14.0,2009-03-08-C-31JD,3265,-11948,90.0,53.0,90.0,53.0,0.0,0.08,0.13,0.35,0.0,0.56
32041,803963,11,13.89,3.3,0.36,0.03,0.0,0.06,,19.0,2009-03-08-C-31JD,3208,-12064,90.0,70.0,90.0,70.0,0.0,0.0,0.27,0.65,0.04,0.96
32041,803968,41,13.91,3.3,0.36,0.03,0.0,0.05,,16.0,2009-03-08-C-31JD,3208,-12064,90.0,70.0,90.0,70.0,0.0,0.0,0.36,0.99,0.11,1.46
32041,803971,61,13.27,3.9,0.44,0.08,0.9,0.17,,14.0,2009-03-08-C-31JD,3208,-12064,90.0,70.0,90.0,70.0,0.0,0.0,0.22,1.85,1.58,3.65
32043,804032,11,14.4,2.6,0.33,0.0,0.0,0.0,,19.0,2009-03-08-C-31JD,3142,-12199,90.0,90.0,90.0,90.0,0.0,0.0,0.05,0.0,0.0,0.05
32043,804036,41,14.4,2.6,0.34,0.0,0.0,0.08,,17.0,2009-03-08-C-31JD,3142,-12199,90.0,90.0,90.0,90.0,0.0,0.0,0.32,0.0,0.0,0.32
32043,804039,62,13.9,2.5,0.36,0.06,0.2,0.08,,15.0,2009-03-08-C-31JD,3142,-12199,90.0,90.0,90.0,90.0,0.0,0.0,0.19,0.08,0.01,0.29
32046,804130,10,16.13,2.3,0.3,0.0,0.0,0.05,,19.0,2009-03-08-C-31JD,3042,-12400,90.0,120.0,90.0,120.0,0.0,0.0,-999.0,-999.0,-999.0,-999.0
32046,804137,62,16.13,2.3,0.29,0.0,0.0,0.02,,15.0,2009-03-08-C-31JD,3042,-12400,90.0,120.0,90.0,120.0,0.01,0.0,0.02,0.01,0.0,0.04
32046,804139,87,16.18,2.6,0.31,0.01,0.2,0.05,,13.0,2009-03-08-C-31JD,3042,-12400,90.0,120.0,90.0,120.0,0.0,0.0,0.26,0.04,0.03,0.32
32100,805515,10,14.03,6.9,0.78,0.17,5.9,0.08,,20.0,2009-07-14-C-31M4,3430,-12083,80.0,55.0,80.0,55.5,0.0,1.27,23.55,3.2,30.2,58.22
32100,805517,15,13.77,8.1,0.87,0.19,7.3,0.11,,19.0,2009-07-14-C-31M4,3430,-12083,80.0,55.0,80.0,55.5,0.0,0.0,6.54,0.68,24.6,31.82
32100,805518,20,11.39,16.9,1.52,0.26,17.4,0.13,,18.0,2009-07-14-C-31M4,3430,-12083,80.0,55.0,80.0,55.5,0.18,0.0,2.41,3.55,3.87,10.01
32102,805580,12,16.53,2.4,0.34,0.0,0.1,0.02,,19.0,2009-07-14-C-31M4,3382,-12185,80.0,70.0,80.0,70.1,0.0,0.0,0.02,0.05,0.25,0.32
32102,805584,40,12.99,2.9,0.49,0.12,1.1,0.16,,16.0,2009-07-14-C-31M4,3382,-12185,80.0,70.0,80.0,70.1,0.0,0.0,0.22,0.29,0.12,0.63
32102,805586,52,12.15,4.1,0.6,0.42,2.4,0.09,,15.0,2009-07-14-C-31M4,3382,-12185,80.0,70.0,80.0,70.1,0.0,0.26,0.14,0.18,0.05,0.62
32103,805611,10,16.27,2.2,0.38,0.01,0.1,0.06,,19.0,2009-07-14-C-31M4,3347,-12250,80.0,80.0,80.1,79.7,0.09,0.0,0.11,0.42,0.0,0.63
32103,805614,40,12.48,3.6,0.53,0.1,1.0,0.19,,16.0,2009-07-14-C-31M4,3347,-12250,80.0,80.0,80.1,79.7,0.0,0.65,0.0,0.11,0.0,0.76
32103,805616,51,11.51,5.6,0.74,0.5,4.4,0.1,,15.0,2009-07-14-C-31M4,3347,-12250,80.0,80.0,80.1,79.7,0.0,0.0,0.01,0.1,0.08,0.19
32105,805675,10,16.54,2.2,0.32,0.0,0.1,0.02,,19.0,2009-07-14-C-31M4,3282,-12391,80.0,100.0,80.0,100.0,0.0,0.0,0.0,0.03,0.05,0.08
32105,805678,40,15.63,2.2,0.34,0.01,0.1,0.08,,16.0,2009-07-14-C-31M4,3282,-12391,80.0,100.0,80.0,100.0,0.0,0.0,0.02,0.09,1.41,1.52
32105,805682,70,13.22,3.4,0.43,0.2,0.7,0.15,,13.0,2009-07-14-C-31M4,3282,-12391,80.0,100.0,80.0,100.0,0.0,0.0,0.77,1.84,3.03,5.64
32107,805712,10,17.76,0.1,0.21,0.0,0.0,0.02,,23.0,2009-07-14-C-31M4,3427,-12002,81.8,46.9,81.8,46.9,0.0,0.0,16.71,27.04,7.19,50.94
32107,805714,21,14.75,1.1,0.44,0.05,0.8,0.31,,22.0,2009-07-14-C-31M4,3427,-12002,81.8,46.9,81.8,46.9,0.0,0.0,0.75,0.33,11.62,12.7
32107,805715,30,13.27,8.2,0.96,0.26,7.4,1.08,,21.0,2009-07-14-C-31M4,3427,-12002,81.8,46.9,81.8,46.9,0.17,8.71,2.53,0.2,0.51,12.12
32138,806460,14,19.3,1.8,0.29,0.0,0.1,0.03,,22.0,2009-07-14-C-31M4,3318,-11838,90.0,37.0,90.0,37.0,0.0,0.0,7.55,3.44,2.55,13.54
32138,806465,34,12.19,7.5,0.95,0.13,9.2,0.05,,19.0,2009-07-14-C-31M4,3318,-11838,90.0,37.0,90.0,37.0,0.0,0.0,2.52,1.08,4.14,7.75
32138,806467,47,11.73,10.1,1.14,0.06,12.2,0.03,,17.0,2009-07-14-C-31M4,3318,-11838,90.0,37.0,90.0,37.0,0.0,0.0,0.77,0.51,0.8,2.08
32140,806525,10,17.4,0.4,0.3,0.0,0.1,0.06,,21.0,2009-07-14-C-31M4,3265,-11948,90.0,53.0,90.0,53.0,0.0,0.79,26.02,4.09,2.87,33.77
32140,806527,30,15.81,2.3,0.48,0.09,1.5,0.24,,19.0,2009-07-14-C-31M4,3265,-11948,90.0,53.0,90.0,53.0,0.0,0.0,8.67,1.43,3.97,14.07
32140,806528,40,13.29,8.2,0.93,0.46,7.5,0.86,,18.0,2009-07-14-C-31M4,3265,-11948,90.0,53.0,90.0,53.0,0.0,0.0,0.84,0.8,0.5,2.13
32142,806587,9,18.48,2.0,0.33,0.0,0.1,0.02,,20.0,2009-07-14-C-31M4,3209,-12064,90.0,70.0,90.0,70.0,0.0,0.36,0.0,0.0,0.01,0.37
32142,806594,45,12.32,5.8,0.67,0.38,4.4,0.03,,16.0,2009-07-14-C-31M4,3209,-12064,90.0,70.0,90.0,70.0,0.0,0.0,0.1,0.07,0.05,0.22
32142,806597,63,11.36,8.4,0.98,0.09,9.9,0.01,,14.0,2009-07-14-C-31M4,3209,-12064,90.0,70.0,90.0,70.0,0.0,0.0,0.0,0.0,0.0,0.0
32144,806652,10,16.42,3.4,0.36,0.0,0.1,0.04,,19.0,2009-07-14-C-31M4,3141,-12199,90.0,90.0,90.0,90.1,0.0,0.0,0.02,0.0,0.08,0.1
32144,806653,20,16.42,1.9,0.33,0.0,0.1,0.04,,18.0,2009-07-14-C-31M4,3141,-12199,90.0,90.0,90.0,90.1,0.0,0.0,0.1,0.27,0.53,0.9
32144,806655,40,13.86,2.9,0.46,0.13,1.2,0.2,,16.0,2009-07-14-C-31M4,3141,-12199,90.0,90.0,90.0,90.1,0.0,0.08,0.82,0.75,1.21,2.86
32147,806747,10,18.69,1.8,0.31,0.0,0.1,0.04,,19.0,2009-07-14-C-31M4,3042,-12400,90.0,120.0,90.0,120.0,0.0,0.0,0.08,0.04,0.0,0.12
32147,806753,62,15.34,2.3,0.3,0.0,0.0,0.02,,15.0,2009-07-14-C-31M4,3042,-12400,90.0,120.0,90.0,120.0,0.0,0.0,0.04,0.0,0.33,0.36
32147,806756,100,13.83,2.9,0.37,0.05,0.2,0.02,,12.0,2009-07-14-C-31M4,3042,-12400,90.0,120.0,90.0,120.0,0.0,0.0,0.02,0.01,0.03,0.06
32174,807485,10,14.28,3.2,0.38,0.07,1.1,0.07,,19.0,2009-11-06-C-32NM,3432,-12081,80.0,55.0,80.0,55.1,0.0,0.03,0.46,0.73,18.93,20.15
32174,807487,30,14.24,3.3,0.4,0.07,1.3,0.07,,17.0,2009-11-06-C-32NM,3432,-12081,80.0,55.0,80.0,55.1,0.0,0.0,0.66,4.48,16.85,22.0
32174,807489,50,11.12,14.6,1.35,0.09,15.7,0.0,,15.0,2009-11-06-C-32NM,3432,-12081,80.0,55.0,80.0,55.1,0.0,0.0,0.61,0.08,2.11,2.8
32176,807547,14,14.1,3.9,0.53,0.13,1.0,0.14,,20.0,2009-11-06-C-32NM,3384,-12186,80.0,70.0,79.9,70.1,0.0,0.02,0.77,0.19,0.2,1.17
32176,807551,37,14.1,3.8,0.53,0.13,1.0,0.2,,17.0,2009-11-06-C-32NM,3384,-12186,80.0,70.0,79.9,70.1,0.0,0.0,0.0,0.1,0.15,0.25
32176,807555,70,11.03,12.1,1.3,0.06,13.6,0.04,,13.0,2009-11-06-C-32NM,3384,-12186,80.0,70.0,79.9,70.1,0.0,0.0,0.0,0.01,0.11,0.13
32177,807579,10,15.66,2.0,0.36,0.0,0.0,0.0,,19.0,2009-11-06-C-32NM,3348,-12254,80.0,80.0,80.0,80.0,0.0,0.0,0.0,0.04,0.0,0.04
32177,807584,61,15.61,1.9,0.35,0.0,0.0,0.05,,14.0,2009-11-06-C-32NM,3348,-12254,80.0,80.0,80.0,80.0,0.0,0.0,0.01,0.0,0.0,0.01
32177,807587,85,11.63,5.6,0.72,0.09,4.3,0.0,,12.0,2009-11-06-C-32NM,3348,-12254,80.0,80.0,80.0,80.0,0.0,0.0,0.0,0.02,0.0,0.02
32179,807639,10,17.27,1.8,0.31,0.0,0.0,0.0,,22.0,2009-11-06-C-32NM,3282,-12390,80.0,100.0,80.0,99.9,0.0,0.0,0.08,0.0,0.0,0.08
32179,807646,63,17.23,1.8,0.3,0.0,0.0,0.0,,18.0,2009-11-06-C-32NM,3282,-12390,80.0,100.0,80.0,99.9,0.0,0.0,0.0,0.0,0.0,0.0
32179,807649,87,13.41,2.9,0.38,0.03,0.0,0.13,,16.0,2009-11-06-C-32NM,3282,-12390,80.0,100.0,80.0,99.9,0.0,0.0,0.0,0.19,0.0,0.19
32181,807698,9,15.56,1.8,0.27,0.0,0.0,0.1,,23.0,2009-11-06-C-32NM,3428,-12003,81.8,46.9,81.8,47.0,0.0,0.0,0.53,0.0,2.86,3.39
32181,807700,18,14.04,4.6,0.58,0.16,2.8,0.16,,22.0,2009-11-06-C-32NM,3428,-12003,81.8,46.9,81.8,47.0,0.0,0.65,0.21,3.3,5.6,9.76
32181,807704,35,12.14,11.2,1.1,0.26,11.1,0.05,,20.0,2009-11-06-C-32NM,3428,-12003,81.8,46.9,81.8,47.0,0.0,0.0,0.41,0.39,2.52,3.32
32212,808438,10,18.05,1.4,0.28,0.0,0.0,0.0,,19.0,2009-11-06-C-32NM,3318,-11838,90.0,37.0,90.0,36.9,0.0,0.0,0.0,0.0,0.0,0.0
32212,808442,50,13.86,3.9,0.48,0.07,0.7,0.0,,15.0,2009-11-06-C-32NM,3318,-11838,90.0,37.0,90.0,36.9,0.0,0.0,0.66,0.0,0.07,0.74
32212,808443,61,12.39,6.9,0.84,0.08,7.2,0.0,,14.0,2009-11-06-C-32NM,3318,-11838,90.0,37.0,90.0,36.9,0.0,0.0,0.03,0.04,0.0,0.07
32214,808497,10,16.36,1.4,0.37,0.0,0.0,0.0,,19.0,2009-11-06-C-32NM,3265,-11948,90.0,53.0,90.0,53.0,0.0,0.0,0.06,0.0,0.0,0.06
32214,808500,40,15.89,1.5,0.4,0.05,0.2,0.22,,16.0,2009-11-06-C-32NM,3265,-11948,90.0,53.0,90.0,53.0,0.0,0.0,0.03,0.0,0.0,0.03
32214,808501,50,13.65,3.9,0.7,0.66,3.8,0.21,,15.0,2009-11-06-C-32NM,3265,-11948,90.0,53.0,90.0,53.0,0.0,0.0,0.0,0.0,0.0,0.0
32216,808558,13,17.3,1.5,0.36,0.0,0.0,0.0,,20.0,2009-11-06-C-32NM,3209,-12065,90.0,70.0,90.0,70.1,0.0,0.0,0.0,0.0,0.0,0.0
32216,808563,49,15.04,2.2,0.45,0.05,0.4,0.25,,17.0,2009-11-06-C-32NM,3209,-12065,90.0,70.0,90.0,70.1,0.0,0.0,0.13,0.0,0.0,0.13
32216,808566,72,12.06,4.5,0.68,0.2,3.4,0.18,,15.0,2009-11-06-C-32NM,3209,-12065,90.0,70.0,90.0,70.1,0.0,0.02,0.07,0.01,0.0,0.1
32218,808625,10,15.98,2.1,0.41,0.0,0.0,0.0,,19.0,2009-11-06-C-32NM,3141,-12199,90.0,90.0,90.0,90.1,0.0,0.0,0.0,0.0,0.36,0.36
32218,808631,51,14.95,2.4,0.42,0.03,0.2,0.13,,15.0,2009-11-06-C-32NM,3141,-12199,90.0,90.0,90.0,90.1,0.0,0.0,0.1,0.27,0.0,0.37
32218,808633,69,13.9,3.6,0.57,0.15,1.9,0.35,,13.0,2009-11-06-C-32NM,3141,-12199,90.0,90.0,90.0,90.1,0.0,0.0,0.04,0.0,0.0,0.04
32221,808743,10,17.48,1.4,0.34,0.0,0.1,0.0,,19.0,2009-11-06-C-32NM,3042,-12400,90.0,120.0,90.0,120.0,0.0,0.0,0.14,0.04,0.0,0.19
32221,808747,41,17.37,1.3,0.33,0.0,0.0,0.0,,17.0,2009-11-06-C-32NM,3042,-12400,90.0,120.0,90.0,120.0,0.0,0.0,0.08,0.0,0.0,0.08
32221,808750,62,14.84,2.1,0.3,0.0,0.0,0.0,,15.0,2009-11-06-C-32NM,3042,-12400,90.0,120.0,90.0,120.0,0.0,0.0,0.0,0.0,0.2,0.2
32268,809988,9,13.95,3.6,0.52,0.2,1.7,0.18,,19.0,2010-01-13-C-32NM,3431,-12081,80.0,55.0,80.0,55.2,0.0,0.0,0.46,0.12,0.04,0.62
32268,809991,19,13.94,3.6,0.52,0.2,1.7,0.17,,18.0,2010-01-13-C-32NM,3431,-12081,80.0,55.0,80.0,55.2,0.0,0.0,0.56,0.5,0.0,1.06
32268,809994,40,13.49,5.8,0.71,0.3,4.8,0.0,,16.0,2010-01-13-C-32NM,3431,-12081,80.0,55.0,80.0,55.2,0.0,0.0,0.15,0.21,4.65,5.01
32270,810050,11,13.74,3.3,0.45,0.07,0.8,0.05,,19.0,2010-01-13-C-32NM,3382,-12185,80.0,70.0,80.0,70.0,0.0,0.0,0.0,0.0,0.04,0.04
32270,810054,35,13.7,3.5,0.47,0.1,1.1,0.08,,17.0,2010-01-13-C-32NM,3382,-12185,80.0,70.0,80.0,70.0,0.0,0.0,0.16,0.1,0.0,0.26
32270,810057,55,13.61,3.7,0.5,0.13,1.5,0.08,,15.0,2010-01-13-C-32NM,3382,-12185,80.0,70.0,80.0,70.0,0.0,0.0,0.02,0.08,0.03,0.13
32271,810080,10,13.42,4.2,0.45,0.08,1.4,0.06,,19.0,2010-01-13-C-32NM,3348,-12254,80.0,80.0,80.0,80.0,0.0,0.0,0.03,0.01,0.0,0.03
32271,810082,30,13.36,4.2,0.45,0.09,1.4,0.06,,17.0,2010-01-13-C-32NM,3348,-12254,80.0,80.0,80.0,80.0,0.0,0.0,0.0,0.03,0.0,0.03
32271,810084,50,12.69,5.4,0.68,0.16,4.9,0.0,,15.0,2010-01-13-C-32NM,3348,-12254,80.0,80.0,80.0,80.0,0.0,0.0,0.03,0.01,0.0,0.05
32273,810161,8,14.83,2.3,0.34,0.0,0.0,0.0,,21.0,2010-01-13-C-32NM,3281,-12391,80.0,100.0,80.0,100.1,0.0,0.0,0.0,0.02,0.0,0.02
32273,810170,51,14.81,2.0,0.34,0.0,0.0,0.0,,16.0,2010-01-13-C-32NM,3281,-12391,80.0,100.0,80.0,100.1,0.0,0.0,0.0,0.0,0.01,0.01
32273,810172,64,14.54,2.4,0.36,0.03,0.2,0.0,,14.0,2010-01-13-C-32NM,3281,-12391,80.0,100.0,80.0,100.1,0.0,0.0,0.01,0.0,0.0,0.01
32275,810202,2,14.37,3.7,0.44,0.17,1.3,0.04,,24.0,2010-01-13-C-32NM,3427,-12002,81.8,46.9,81.8,46.9,0.0,0.16,1.06,3.9,1.35,6.46
32275,810205,19,13.87,3.5,0.46,0.12,1.4,0.04,,22.0,2010-01-13-C-32NM,3427,-12002,81.8,46.9,81.8,46.9,0.0,0.0,2.54,1.01,0.3,3.85
32275,810207,29,13.84,3.5,0.47,0.13,1.5,0.06,,21.0,2010-01-13-C-32NM,3427,-12002,81.8,46.9,81.8,46.9,0.0,0.0,0.92,0.13,0.99,2.04
32304,810951,10,15.87,2.2,0.36,0.0,0.0,0.0,,19.0,2010-01-13-C-32NM,3318,-11839,90.0,37.0,90.0,37.0,0.0,0.03,0.0,0.03,0.0,0.06
32304,810955,50,13.79,5.5,0.69,0.06,4.1,0.0,,15.0,2010-01-13-C-32NM,3318,-11839,90.0,37.0,90.0,37.0,0.0,0.0,0.11,0.01,0.15,0.27
32304,810957,71,12.91,9.8,1.06,0.02,9.3,0.0,,13.0,2010-01-13-C-32NM,3318,-11839,90.0,37.0,90.0,37.0,0.0,0.05,0.05,0.0,0.0,0.09
32306,811013,9,14.65,2.6,0.35,0.01,0.1,0.0,,19.0,2010-01-13-C-32NM,3266,-11947,90.0,53.0,90.0,52.8,0.0,0.09,0.0,0.0,0.0,0.09
32306,811018,33,13.13,6.4,0.75,0.23,5.6,0.0,,17.0,2010-01-13-C-32NM,3266,-11947,90.0,53.0,90.0,52.8,0.0,0.0,0.1,0.04,0.01,0.15
32306,811019,40,12.78,7.4,0.83,0.19,7.2,0.0,,16.0,2010-01-13-C-32NM,3266,-11947,90.0,53.0,90.0,52.8,0.0,0.0,0.14,0.0,2.2,2.34
32308,811078,10,15.07,2.5,0.38,0.0,0.0,0.0,,19.0,2010-01-13-C-32NM,3208,-12064,90.0,70.0,90.0,70.0,0.0,0.0,0.0,0.06,0.0,0.06
32308,811081,41,14.57,2.7,0.38,0.0,0.0,0.05,,16.0,2010-01-13-C-32NM,3208,-12064,90.0,70.0,90.0,70.0,0.0,0.07,0.01,0.0,0.04,0.11
32308,811082,49,13.85,3.4,0.49,0.27,1.1,0.07,,15.0,2010-01-13-C-32NM,3208,-12064,90.0,70.0,90.0,70.0,0.0,0.0,0.01,0.03,0.02,0.05
32310,811141,11,14.96,2.5,0.35,0.0,0.0,0.0,,23.0,2010-01-13-C-32NM,3143,-12198,90.0,90.0,90.0,89.8,0.0,0.0,0.08,0.0,0.0,0.08
32310,811144,31,14.4,2.7,0.38,0.0,0.0,0.0,,21.0,2010-01-13-C-32NM,3143,-12198,90.0,90.0,90.0,89.8,0.0,0.0,0.08,1.5,0.0,1.58
32310,811146,50,13.53,3.6,0.51,0.36,1.3,0.15,,19.0,2010-01-13-C-32NM,3143,-12198,90.0,90.0,90.0,89.8,0.0,0.0,0.0,0.0,0.32,0.32
32314,811269,13,16.4,1.9,0.33,0.0,0.0,0.0,,21.0,2010-01-13-C-32NM,3041,-12400,90.0,120.0,90.0,120.0,0.0,0.0,0.02,0.0,0.0,0.02
32314,811273,38,16.4,2.0,0.34,0.0,0.0,0.0,,19.0,2010-01-13-C-32NM,3041,-12400,90.0,120.0,90.0,120.0,0.0,0.0,0.0,0.0,0.0,0.0
32314,811279,76,11.97,5.8,0.73,0.12,5.0,0.0,,15.0,2010-01-13-C-32NM,3041,-12400,90.0,120.0,90.0,120.0,0.0,0.0,0.13,0.04,0.02,0.19
32341,811900,15,10.44,20.5,1.52,0.19,18.4,0.31,,11.0,2010-04-27-C-31FN,3432,-12078,80.0,55.0,80.0,54.8,0.0,5.51,8.43,6.37,0.16,20.47
32341,811904,45,10.42,21.2,1.55,0.2,18.9,0.4,,9.0,2010-04-27-C-31FN,3432,-12078,80.0,55.0,80.0,54.8,0.52,0.0,12.63,0.78,0.0,13.93
32341,811907,75,10.23,26.0,1.82,0.29,22.2,0.62,,7.0,2010-04-27-C-31FN,3432,-12078,80.0,55.0,80.0,54.8,0.0,0.23,1.84,2.54,0.0,4.61
32343,811943,9,13.95,3.3,0.36,0.01,0.1,0.0,,11.0,2010-04-27-C-31FN,3382,-12184,80.0,70.0,80.0,70.0,0.0,0.2,0.03,0.14,1.25,1.62
32343,811947,30,13.93,3.3,0.35,0.01,0.1,0.06,,9.0,2010-04-27-C-31FN,3382,-12184,80.0,70.0,80.0,70.0,0.0,0.07,0.3,0.76,0.87,2.01
32343,811948,48,13.85,3.2,0.36,0.02,0.1,0.12,,8.0,2010-04-27-C-31FN,3382,-12184,80.0,70.0,80.0,70.0,0.0,0.0,0.22,0.09,0.11,0.42
32344,811967,16,14.07,2.8,0.34,0.0,0.0,0.0,,11.0,2010-04-27-C-31FN,3350,-12253,80.0,80.0,79.9,79.9,0.0,0.0,0.13,0.17,0.02,0.32
32344,811970,45,13.95,3.0,0.35,0.01,0.0,0.05,,9.0,2010-04-27-C-31FN,3350,-12253,80.0,80.0,79.9,79.9,0.0,0.0,0.08,0.07,0.01,0.16
32344,811972,60,13.67,3.2,0.38,0.07,0.1,0.2,,8.0,2010-04-27-C-31FN,3350,-12253,80.0,80.0,79.9,79.9,0.0,0.0,0.02,0.06,0.06,0.14
32346,812009,11,11.93,4.0,0.65,0.16,3.4,0.11,,11.0,2010-04-27-C-31FN,3428,-12002,81.8,46.9,81.8,46.8,0.0,155.62,84.61,56.79,38.57,335.59
32346,812011,30,10.07,23.7,1.8,0.18,20.9,0.73,,9.0,2010-04-27-C-31FN,3428,-12002,81.8,46.9,81.8,46.8,0.61,10.07,48.4,21.18,52.66,132.92
32346,812012,40,9.64,32.2,2.18,0.1,27.3,0.0,,8.0,2010-04-27-C-31FN,3428,-12002,81.8,46.9,81.8,46.8,0.0,0.0,6.39,2.08,0.5,8.97
32378,812585,10,15.2,2.2,0.37,0.01,0.1,0.15,,11.0,2010-04-27-C-31FN,3319,-11838,90.0,37.0,90.0,36.8,0.0,0.0,1.55,0.28,1.03,2.86
32378,812587,30,14.35,3.8,0.45,0.1,1.1,0.14,,9.0,2010-04-27-C-31FN,3319,-11838,90.0,37.0,90.0,36.8,0.0,0.0,0.79,0.82,0.54,2.15
32380,812623,10,14.13,2.4,0.42,0.03,0.4,0.06,,11.0,2010-04-27-C-31FN,3265,-11948,90.0,53.0,90.0,53.0,0.0,0.0,0.05,0.15,0.01,0.21
32380,812625,30,13.13,4.7,0.6,0.12,3.0,0.1,,9.0,2010-04-27-C-31FN,3265,-11948,90.0,53.0,90.0,53.0,0.0,0.26,0.0,0.04,0.1,0.4
32380,812627,75,11.05,10.4,1.12,0.03,11.7,0.0,,7.0,2010-04-27-C-31FN,3265,-11948,90.0,53.0,90.0,53.0,0.0,0.0,0.05,0.01,0.03,0.09
32382,812659,14,14.61,2.4,0.36,0.0,0.0,0.0,,11.0,2010-04-27-C-31FN,3208,-12064,90.0,70.0,90.0,70.0,0.0,0.0,0.01,0.11,0.0,0.12
32382,812663,45,14.31,2.7,0.37,0.01,0.0,0.06,,9.0,2010-04-27-C-31FN,3208,-12064,90.0,70.0,90.0,70.0,0.0,0.0,0.01,0.11,0.01,0.12
32382,812665,59,14.16,2.7,0.38,0.02,0.1,0.09,,8.0,2010-04-27-C-31FN,3208,-12064,90.0,70.0,90.0,70.0,0.0,0.0,0.02,0.06,2.44,2.52
32383,812682,15,14.8,2.7,0.37,0.0,0.0,0.0,,11.0,2010-04-27-C-31FN,3142,-12200,90.0,90.0,90.0,90.0,0.0,0.0,0.0,0.05,0.03,0.08
32383,812686,45,14.73,2.6,0.36,0.0,0.0,0.0,,9.0,2010-04-27-C-31FN,3142,-12200,90.0,90.0,90.0,90.0,0.0,0.0,0.01,0.06,0.0,0.07
32383,812689,75,13.58,2.6,0.47,0.25,0.6,0.15,,7.0,2010-04-27-C-31FN,3142,-12200,90.0,90.0,90.0,90.0,0.0,0.0,0.01,0.06,0.01,0.08
32386,812756,16,15.73,2.0,0.35,0.0,0.0,0.09,,11.0,2010-04-27-C-31FN,3042,-12400,90.0,120.0,90.0,120.0,0.0,0.0,0.06,0.07,0.01,0.13
32386,812759,45,15.71,1.5,0.33,0.0,0.0,0.07,,9.0,2010-04-27-C-31FN,3042,-12400,90.0,120.0,90.0,120.0,0.0,0.01,0.02,0.03,5.22,5.28
32386,812761,59,14.25,2.4,0.38,0.0,0.0,0.06,,8.0,2010-04-27-C-31FN,3042,-12400,90.0,120.0,90.0,120.0,0.0,0.19,0.01,0.04,0.0,0.23
32417,813365,10,15.0,0.5,0.39,0.12,1.3,0.1,,19.0,2010-07-30-C-32NM,3432,-12080,80.0,55.0,80.0,55.0,0.0,0.0,0.47,0.61,5.13,6.22
32417,813367,20,13.4,2.5,0.69,0.46,5.6,0.9,,18.0,2010-07-30-C-32NM,3432,-12080,80.0,55.0,80.0,55.0,0.0,0.0,0.85,0.36,11.64,12.86
32417,813368,30,11.92,8.3,1.22,0.39,13.3,0.28,,17.0,2010-07-30-C-32NM,3432,-12080,80.0,55.0,80.0,55.0,0.0,0.0,0.09,0.23,0.06,0.37
32419,813423,10,15.61,1.3,0.36,0.03,0.1,0.09,,19.0,2010-07-30-C-32NM,3382,-12184,80.0,70.0,80.0,70.0,0.0,0.12,0.5,0.15,3.14,3.91
32419,813424,20,12.48,4.6,0.66,0.39,3.8,0.19,,18.0,2010-07-30-C-32NM,3382,-12184,80.0,70.0,80.0,70.0,0.0,0.39,0.29,1.03,0.07,1.78
32419,813426,40,11.68,9.6,1.04,0.4,10.6,0.0,,16.0,2010-07-30-C-32NM,3382,-12184,80.0,70.0,80.0,70.0,0.0,0.0,0.08,0.25,0.06,0.39
32420,813451,10,14.7,3.4,0.45,0.06,0.9,0.09,,20.0,2010-07-30-C-32NM,3348,-12253,80.0,80.0,80.0,80.0,0.0,0.0,0.03,0.07,0.0,0.1
32420,813452,20,14.55,3.4,0.52,0.12,2.1,0.08,,19.0,2010-07-30-C-32NM,3348,-12253,80.0,80.0,80.0,80.0,0.0,0.0,0.0,0.0,0.57,0.57
32420,813455,39,12.01,5.6,0.74,0.38,4.5,0.17,,17.0,2010-07-30-C-32NM,3348,-12253,80.0,80.0,80.0,80.0,0.0,0.0,0.0,0.18,0.56,0.74
32422,813537,10,17.81,2.4,0.28,0.0,0.0,0.0,,19.0,2010-07-30-C-32NM,3283,-12391,80.0,100.0,80.0,99.9,0.0,0.0,0.0,0.0,0.0,0.0
32422,813544,74,15.1,2.7,0.23,0.0,0.0,0.04,,14.0,2010-07-30-C-32NM,3283,-12391,80.0,100.0,80.0,99.9,0.02,0.0,0.0,0.02,0.01,0.05
32422,813547,100,13.94,3.3,0.33,0.17,0.6,0.0,,12.0,2010-07-30-C-32NM,3283,-12391,80.0,100.0,80.0,99.9,0.0,0.0,0.02,0.02,0.0,0.04
32424,813571,10,14.63,0.5,0.19,0.04,0.2,0.07,,23.0,2010-07-30-C-32NM,3428,-12002,81.8,46.9,81.8,46.9,0.0,0.0,0.53,0.36,23.26,24.15
32424,813572,20,11.91,14.1,1.45,0.44,14.4,1.96,,22.0,2010-07-30-C-32NM,3428,-12002,81.8,46.9,81.8,46.9,0.0,0.05,0.01,0.08,1.11,1.26
32424,813573,30,10.83,20.1,1.74,0.44,20.5,0.43,,21.0,2010-07-30-C-32NM,3428,-12002,81.8,46.9,81.8,46.9,0.0,0.0,0.02,0.27,0.21,0.51
32455,814297,8,18.61,1.3,0.24,0.0,0.0,0.33,,22.0,2010-07-30-C-32NM,3319,-11838,90.0,37.0,90.0,37.0,0.0,0.07,0.0,0.0,0.0,0.07
32455,814301,27,13.39,3.8,0.75,0.37,5.8,0.1,,20.0,2010-07-30-C-32NM,3319,-11838,90.0,37.0,90.0,37.0,0.0,0.0,0.25,0.08,0.01,0.34
32455,814304,41,11.6,10.1,1.19,0.22,13.1,0.07,,18.0,2010-07-30-C-32NM,3319,-11838,90.0,37.0,90.0,37.0,0.0,0.0,0.22,0.06,0.03,0.31
32458,814374,10,16.54,1.4,0.37,0.05,1.3,0.3,,19.0,2010-07-30-C-32NM,3265,-11948,90.0,53.0,90.0,53.0,0.0,0.78,0.76,0.32,0.0,1.87
32458,814375,20,15.34,0.8,0.56,0.14,3.3,0.9,,18.0,2010-07-30-C-32NM,3265,-11948,90.0,53.0,90.0,53.0,0.0,0.05,2.8,3.07,0.07,5.99
32458,814377,40,11.19,18.4,1.62,0.37,19.0,0.28,,16.0,2010-07-30-C-32NM,3265,-11948,90.0,53.0,90.0,53.0,0.0,0.7,0.02,0.12,0.73,1.57
32460,814433,10,16.7,2.8,0.34,0.0,0.0,0.08,,21.0,2010-07-30-C-32NM,3209,-12064,90.0,70.0,90.0,70.0,0.0,0.0,0.02,0.0,0.0,0.02
32460,814440,44,15.05,3.4,0.4,0.02,0.5,0.1,,16.0,2010-07-30-C-32NM,3209,-12064,90.0,70.0,90.0,70.0,0.0,0.0,0.04,0.04,0.0,0.09
32460,814443,65,13.76,3.7,0.55,0.5,2.1,0.0,,14.0,2010-07-30-C-32NM,3209,-12064,90.0,70.0,90.0,70.0,0.0,0.0,0.05,0.15,0.01,0.21
32462,814496,10,17.79,2.4,0.32,0.0,0.0,0.05,,22.0,2010-07-30-C-32NM,3142,-12199,90.0,90.0,90.0,90.0,0.0,0.02,0.0,0.0,0.0,0.02
32462,814500,40,15.94,2.4,0.32,0.0,0.0,0.05,,20.0,2010-07-30-C-32NM,3142,-12199,90.0,90.0,90.0,90.0,0.0,0.0,0.0,0.0,0.0,0.0
32465,814609,10,18.41,2.3,0.31,0.0,0.0,0.04,,19.0,2010-07-30-C-32NM,3042,-12400,90.0,120.0,90.0,120.0,0.0,0.0,0.06,0.0,0.0,0.06
32465,814613,40,15.62,2.3,0.33,0.0,0.0,0.0,,17.0,2010-07-30-C-32NM,3042,-12400,90.0,120.0,90.0,120.0,0.0,0.0,0.0,0.0,0.0,0.0
32465,814619,87,13.12,5.0,0.67,0.02,4.6,0.0,,13.0,2010-07-30-C-32NM,3042,-12400,90.0,120.0,90.0,120.0,0.0,0.0,0.0,0.0,0.1,0.1
32496,815463,10,14.35,2.4,0.57,0.13,3.3,0.37,,19.0,2010-10-28-C-32NM,3432,-12080,80.0,55.0,80.0,55.0,0.0,0.0,1.57,7.14,43.6,52.31
32496,815467,31,14.09,3.1,0.65,0.16,4.3,0.42,,17.0,2010-10-28-C-32NM,3432,-12080,80.0,55.0,80.0,55.0,0.0,0.0,2.25,0.99,31.3,34.53
32498,815525,8,14.62,2.1,0.47,0.15,3.5,0.14,,21.0,2010-10-28-C-32NM,3382,-12186,80.0,70.0,80.0,70.1,0.0,0.0,0.3,0.15,3.46,3.91
32498,815527,16,14.6,2.0,0.46,0.15,3.5,0.15,,20.0,2010-10-28-C-32NM,3382,-12186,80.0,70.0,80.0,70.1,0.0,0.0,0.0,0.0,0.0,0.0
32498,815530,30,11.22,14.4,1.43,0.15,17.8,0.0,,18.0,2010-10-28-C-32NM,3382,-12186,80.0,70.0,80.0,70.1,0.0,0.0,0.03,0.03,0.09,0.15
32499,815558,10,15.4,0.9,0.29,0.12,1.6,0.16,,19.0,2010-10-28-C-32NM,3348,-12253,80.0,80.0,80.0,80.0,0.0,0.0,0.03,0.04,0.02,0.08
32499,815559,20,15.38,0.8,0.29,0.12,1.6,0.15,,18.0,2010-10-28-C-32NM,3348,-12253,80.0,80.0,80.0,80.0,0.0,0.0,0.0,0.0,0.0,0.0
32499,815562,40,12.03,7.4,0.9,0.15,11.8,0.07,,16.0,2010-10-28-C-32NM,3348,-12253,80.0,80.0,80.0,80.0,0.0,0.0,0.03,0.02,0.0,0.05
32501,815645,12,16.26,0.9,0.27,0.0,0.0,0.0,,19.0,2010-10-28-C-32NM,3281,-12392,80.0,100.0,80.0,100.2,0.0,0.0,0.0,0.0,0.0,0.0
32501,815650,47,15.89,0.9,0.29,0.0,0.0,0.0,,16.0,2010-10-28-C-32NM,3281,-12392,80.0,100.0,80.0,100.2,0.0,0.0,0.0,0.17,0.21,0.38
32501,815652,58,14.38,2.1,0.35,0.03,0.5,0.08,,15.0,2010-10-28-C-32NM,3281,-12392,80.0,100.0,80.0,100.2,0.0,0.0,0.0,0.04,0.6,0.64
32503,815682,10,15.62,0.8,0.31,0.06,0.8,0.11,,23.0,2010-10-28-C-32NM,3428,-12002,81.8,46.9,81.8,46.9,0.0,0.0,3.85,1.23,43.84,48.93
32503,815683,20,12.34,11.0,1.31,0.47,14.0,0.15,,22.0,2010-10-28-C-32NM,3428,-12002,81.8,46.9,81.8,46.9,0.0,0.02,3.82,0.67,23.9,28.41
32503,815685,40,11.56,20.6,1.61,0.26,18.4,0.05,,20.0,2010-10-28-C-32NM,3428,-12002,81.8,46.9,81.8,46.9,0.0,0.0,2.9,0.3,20.64,23.84
32534,816420,12,16.92,1.8,0.27,0.05,0.6,0.1,,19.0,2010-10-28-C-32NM,3318,-11838,90.0,37.0,90.0,36.9,0.0,0.0,0.01,0.0,12.69,12.69
32534,816422,24,14.25,5.0,0.67,0.32,5.8,0.1,,18.0,2010-10-28-C-32NM,3318,-11838,90.0,37.0,90.0,36.9,0.0,0.0,0.01,0.51,6.29,6.81
32534,816424,36,12.32,9.7,1.08,0.3,11.9,0.08,,17.0,2010-10-28-C-32NM,3318,-11838,90.0,37.0,90.0,36.9,0.0,0.0,0.1,0.05,2.1,2.26
32535,816451,10,16.87,1.6,0.26,0.03,0.1,0.13,,19.0,2010-10-28-C-32NM,3265,-11948,90.0,53.0,90.0,53.0,0.0,0.0,0.0,0.03,3.19,3.22
32535,816452,20,16.7,2.0,0.28,0.04,0.2,0.13,,18.0,2010-10-28-C-32NM,3265,-11948,90.0,53.0,90.0,53.0,0.0,0.0,0.04,0.0,0.0,0.04
32535,816453,30,14.05,5.6,0.71,0.24,6.3,0.13,,17.0,2010-10-28-C-32NM,3265,-11948,90.0,53.0,90.0,53.0,0.0,0.0,0.28,0.34,0.11,0.72
32537,816512,13,16.44,1.9,0.27,0.01,0.1,0.28,,22.0,2010-10-28-C-32NM,3208,-12064,90.0,70.0,90.0,70.0,0.0,0.0,0.0,0.03,0.02,0.05
32537,816517,41,15.43,1.8,0.33,0.07,0.6,0.32,,16.0,2010-10-28-C-32NM,3208,-12064,90.0,70.0,90.0,70.0,0.0,0.0,0.0,0.06,0.42,0.48
32537,816519,52,13.47,2.5,0.43,0.29,1.4,0.46,,15.0,2010-10-28-C-32NM,3208,-12064,90.0,70.0,90.0,70.0,0.0,0.1,0.03,0.01,0.0,0.14
32539,816574,10,18.39,2.2,0.23,0.0,0.0,0.05,,23.0,2010-10-28-C-32NM,3142,-12199,90.0,90.0,90.0,90.0,0.0,0.0,0.0,0.0,0.0,0.0
32539,816582,87,15.13,2.4,0.28,0.0,0.0,0.0,,17.0,2010-10-28-C-32NM,3142,-12199,90.0,90.0,90.0,90.0,0.0,0.0,0.0,0.01,0.07,0.09
32542,816689,10,18.89,2.0,0.23,0.0,0.0,0.0,,19.0,2010-10-28-C-32NM,3042,-12400,90.0,120.0,90.0,120.0,0.0,0.0,0.0,0.0,0.0,0.0
32542,816695,63,16.49,2.1,0.2,0.0,0.0,0.0,,15.0,2010-10-28-C-32NM,3042,-12400,90.0,120.0,90.0,120.0,0.0,0.0,0.0,0.04,0.04,0.08
32542,816697,86,15.27,2.3,0.24,0.01,0.1,0.27,,13.0,2010-10-28-C-32NM,3042,-12400,90.0,120.0,90.0,120.0,0.0,0.0,0.01,0.03,0.12,0.16
